epoch,total_B_gen,total_B_adm,total_B_drop,total_N_gen,total_N_adm,total_N_drop,drop_ratio,P_q_max,P_q_mean,P_q_std,jain_P,gini_B_gen,handoffs_committed,handoffs_pending,released_buffered_bytes,released_buffered_pkts,released_buffered_pkts_dropped_at_dst,handoff_buffer_overflow_pkts,P_q[0],B_q_gen[0],B_q_drop[0],K_q[0],P_q[1],B_q_gen[1],B_q_drop[1],K_q[1],P_q[2],B_q_gen[2],B_q_drop[2],K_q[2],P_q[3],B_q_gen[3],B_q_drop[3],K_q[3],P_q[4],B_q_gen[4],B_q_drop[4],K_q[4],P_q[5],B_q_gen[5],B_q_drop[5],K_q[5],P_q[6],B_q_gen[6],B_q_drop[6],K_q[6],P_q[7],B_q_gen[7],B_q_drop[7],K_q[7]
0,466453.0,466453.0,0.0,341,341,0,0.0,0.014892578125,0.00341796875,0.005470057739845722,0.28080218680428587,0.3542524648785619,0,0,0.0,0,0,0,0.000244140625,30128.0,0.0,20,0.000244140625,30128.0,0.0,20,0.000244140625,27384.0,0.0,20,0.000732421875,56140.0,0.0,39,0.010498046875,119399.0,0.0,43,0.000244140625,32110.0,0.0,23,0.000244140625,30128.0,0.0,20,0.014892578125,141036.0,0.0,44
1,468113.0,468113.0,0.0,342,342,0,0.0,0.023095703125,0.005133056640624999,0.008358579134266483,0.2738503183993247,0.3547548882427958,0,0,0.0,0,0,0,0.000390625,30128.0,0.0,20,0.000390625,28756.0,0.0,20,0.000390625,31500.0,0.0,20,0.00068359375,56140.0,0.0,41,0.01533203125,121434.0,0.0,50,0.000390625,28756.0,0.0,20,0.000390625,30363.0,0.0,23,0.023095703125,141036.0,0.0,47
2,467015.0,467015.0,0.0,343,343,0,0.0,0.030615234375,0.00657958984375,0.011138854144198886,0.2586620816096211,0.34188489663072885,0,0,0.0,0,0,0,0.00029296875,29795.0,0.0,23,0.000146484375,28628.0,0.0,21,0.00029296875,30128.0,0.0,21,0.0005859375,58884.0,0.0,42,0.02001953125,112024.0,0.0,48,0.000146484375,33082.0,0.0,26,0.0005371093749999999,34655.0,0.0,26,0.030615234375,139819.0,0.0,49
3,456338.0,456338.0,0.0,339,339,0,0.0,0.039013671875,0.0081787109375,0.014250013752980873,0.24778761581689066,0.368063803584185,0,0,0.0,0,0,0,0.000146484375,29327.0,0.0,23,0.000146484375,28756.0,0.0,21,0.000146484375,25884.0,0.0,21,0.00043945312499999996,58416.0,0.0,42,0.025244140624999998,115282.0,0.0,49,0.000146484375,26012.0,0.0,21,0.000146484375,31625.0,0.0,27,0.039013671875,141036.0,0.0,49
4,462458.0,462458.0,0.0,348,348,0,0.0,0.04697265625,0.010089111328125,0.017511094825278205,0.2492238818771601,0.358314160421054,0,0,0.0,0,0,0,0.000146484375,30471.0,0.0,25,0.000146484375,26012.0,0.0,21,0.000146484375,28756.0,0.0,21,0.00043945312499999996,61918.0,0.0,43,0.032568359375,117251.0,0.0,46,0.000146484375,30128.0,0.0,21,0.000146484375,29630.0,0.0,22,0.04697265625,138292.0,0.0,50
5,454334.0,454334.0,0.0,341,341,0,0.0,0.055517578125,0.011871337890625,0.02067766513454353,0.24789801793137084,0.37644552245704666,0,0,0.0,0,0,0,0.000146484375,26815.0,0.0,23,0.000146484375,27384.0,0.0,21,0.000146484375,27384.0,0.0,21,0.00043945312499999996,57512.0,0.0,42,0.03828125,116691.0,0.0,46,0.000146484375,31500.0,0.0,21,0.000146484375,24640.0,0.0,21,0.055517578125,142408.0,0.0,48
6,484206.0,484206.0,0.0,349,349,0,0.0,0.06411132812499999,0.013513183593749999,0.023618693902786148,0.24661545668936213,0.3762319136896277,0,0,0.0,0,0,0,0.000390625,31016.0,0.0,25,0.000146484375,26012.0,0.0,21,0.000146484375,27384.0,0.0,21,0.00043945312499999996,63000.0,0.0,42,0.042578124999999994,119140.0,0.0,50,0.000146484375,32353.0,0.0,25,0.000146484375,30675.0,0.0,23,0.06411132812499999,154626.0,0.0,49
7,461502.0,461502.0,0.0,353,353,0,0.0,0.07285156250000001,0.015734863281250004,0.027103884248095372,0.25207115577276235,0.37572968264492856,0,0,0.0,0,0,0,0.0005371093749999999,27609.0,0.0,25,0.000390625,27384.0,0.0,20,0.000390625,30128.0,0.0,20,0.00068359375,53396.0,0.0,41,0.05048828125,118139.0,0.0,46,0.000146484375,33795.0,0.0,23,0.000390625,24640.0,0.0,20,0.07285156250000001,146411.0,0.0,48
8,441823.0,441823.0,0.0,334,334,0,0.0,0.08173828125,0.017138671875,0.0301109135249022,0.24469658395086738,0.36684118979772395,0,0,0.0,0,0,0,0.000146484375,30128.0,0.0,23,0.000146484375,23140.0,0.0,21,0.000146484375,29057.0,0.0,22,0.00043945312499999996,56012.0,0.0,42,0.054052734374999994,111563.0,0.0,49,0.000146484375,27256.0,0.0,20,0.00029296875,28470.0,0.0,23,0.08173828125,136197.0,0.0,46
9,449433.0,449433.0,0.0,335,335,0,0.0,0.0890625,0.01871337890625,0.03294927835600413,0.24389152431476555,0.3471888468359017,0,0,0.0,0,0,0,0.000146484375,29037.0,0.0,22,0.000146484375,28756.0,0.0,21,0.000146484375,30794.0,0.0,22,0.00029296875,50524.0,0.0,42,0.059619140625,116396.0,0.0,48,0.000146484375,28756.0,0.0,21,0.000146484375,30006.0,0.0,23,0.0890625,135164.0,0.0,48
10,477551.0,477551.0,0.0,347,347,0,0.0,0.098193359375,0.02060546875,0.03626345549162566,0.24406736700214227,0.35703647359130186,0,0,0.0,0,0,0,0.000146484375,31628.0,0.0,22,0.000146484375,31500.0,0.0,21,0.000146484375,26012.0,0.0,21,0.0005371093749999999,57512.0,0.0,41,0.065380859375,119969.0,0.0,48,0.000146484375,31500.0,0.0,21,0.000146484375,33109.0,0.0,27,0.098193359375,146321.0,0.0,48
11,469245.0,469245.0,0.0,342,342,0,0.0,0.10659179687499999,0.022369384765625,0.039358357117633115,0.24415554093640707,0.3625001331926816,0,0,0.0,0,0,0,0.000146484375,28756.0,0.0,21,0.000146484375,28756.0,0.0,21,0.000146484375,31500.0,0.0,21,0.00043945312499999996,60256.0,0.0,42,0.07094726562499999,112304.0,0.0,49,0.000146484375,28756.0,0.0,21,0.000390625,29257.0,0.0,22,0.10659179687499999,149660.0,0.0,48
12,467964.0,467964.0,0.0,341,341,0,0.0,0.1158203125,0.024066162109375,0.042554463365110574,0.24232845468712932,0.36956528707336433,0,0,0.0,0,0,0,0.000146484375,26012.0,0.0,21,0.000146484375,27384.0,0.0,21,0.000146484375,30128.0,0.0,21,0.00043945312499999996,56140.0,0.0,42,0.07553710937500001,120512.0,0.0,50,0.000146484375,30128.0,0.0,21,0.000146484375,31923.0,0.0,25,0.1158203125,145737.0,0.0,46
13,461248.0,461248.0,0.0,344,344,0,0.0,0.12402343749999999,0.025958251953125,0.04548964854208737,0.24564225445822782,0.3600519677050087,0,0,0.0,0,0,0,0.000390625,28136.0,0.0,22,0.000146484375,28756.0,0.0,21,0.000390625,28756.0,0.0,20,0.00068359375,56140.0,0.0,41,0.08100585937499999,110908.0,0.0,48,0.000390625,28756.0,0.0,20,0.0006347656249999999,32865.0,0.0,24,0.12402343749999999,146931.0,0.0,48
14,465499.0,465499.0,0.0,335,335,0,0.0,0.1310546875,0.027227783203125,0.048116394471850545,0.2425462361254843,0.35481628317139213,0,0,0.0,0,0,0,0.000146484375,28628.0,0.0,21,0.000146484375,30000.0,0.0,20,0.00029296875,30128.0,0.0,21,0.00043945312499999996,53869.0,0.0,42,0.085302734375,113268.0,0.0,49,0.000146484375,28628.0,0.0,21,0.00029296875,34966.0,0.0,32,0.1310546875,146012.0,0.0,49
15,458249.0,458249.0,0.0,342,342,0,0.0,0.1396484375,0.0288818359375,0.0511992985282469,0.24139879475108741,0.3511417919078925,0,0,0.0,0,0,0,0.000146484375,32061.0,0.0,26,0.000146484375,30128.0,0.0,21,0.000146484375,27256.0,0.0,21,0.00043945312499999996,60797.0,0.0,43,0.09023437499999999,112152.0,0.0,50,0.000146484375,29369.0,0.0,22,0.000146484375,28692.0,0.0,22,0.1396484375,137794.0,0.0,50
16,462924.0,462924.0,0.0,344,344,0,0.0,0.147607421875,0.030541992187500002,0.05414888811563771,0.24135412899946618,0.35528240056683136,0,0,0.0,0,0,0,0.000146484375,30929.0,0.0,23,0.000146484375,28756.0,0.0,21,0.000146484375,29316.0,0.0,22,0.00043945312499999996,58400.0,0.0,44,0.095556640625,115024.0,0.0,49,0.000146484375,28756.0,0.0,21,0.000146484375,29335.0,0.0,24,0.147607421875,142408.0,0.0,50
17,466923.0,466923.0,0.0,348,348,0,0.0,0.156396484375,0.032464599609375,0.05740646071076074,0.2423179365845593,0.369826234732493,0,0,0.0,0,0,0,0.000146484375,26012.0,0.0,21,0.000146484375,28756.0,0.0,21,0.000146484375,30128.0,0.0,21,0.000927734375,59111.0,0.0,46,0.10166015625000001,120488.0,0.0,47,0.000146484375,30439.0,0.0,22,0.000146484375,27851.0,0.0,23,0.156396484375,144138.0,0.0,48
18,467277.0,467277.0,0.0,346,346,0,0.0,0.164892578125,0.034393310546875,0.06085387599277737,0.24209517836293254,0.37021750482048077,0,0,0.0,0,0,0,0.000146484375,27384.0,0.0,21,0.000146484375,28756.0,0.0,21,0.000146484375,28756.0,0.0,21,0.00043945312499999996,58884.0,0.0,44,0.10908203124999999,118919.0,0.0,46,0.000146484375,27384.0,0.0,21,0.000146484375,30670.0,0.0,23,0.164892578125,146524.0,0.0,47
19,452226.0,452226.0,0.0,354,354,0,0.0,0.17558593749999998,0.036450195312499996,0.06449730948078147,0.24207196380166784,0.37767565332378017,0,0,0.0,0,0,0,0.000390625,30535.0,0.0,21,0.000146484375,26012.0,0.0,21,0.000146484375,25608.0,0.0,23,0.00043945312499999996,54447.0,0.0,44,0.11435546875,110713.0,0.0,45,0.000146484375,30128.0,0.0,21,0.000390625,26512.0,0.0,24,0.17558593749999998,148271.0,0.0,46
20,444790.0,444790.0,0.0,334,334,0,0.0,0.181982421875,0.03787841796875,0.0668953587835875,0.2427803626846339,0.35663852604599877,0,0,0.0,0,0,0,0.00029296875,31505.0,0.0,22,0.000390625,27384.0,0.0,20,0.000390625,26691.0,0.0,22,0.00068359375,56266.0,0.0,44,0.118994140625,107908.0,0.0,47,0.000146484375,27256.0,0.0,20,0.000146484375,30000.0,0.0,21,0.181982421875,137780.0,0.0,48
21,452421.0,452421.0,0.0,344,344,0,0.0,0.19072265624999998,0.039471435546874996,0.0700508545066992,0.2409847114933829,0.34747419991556505,0,0,0.0,0,0,0,0.000146484375,29856.0,0.0,25,0.000146484375,28628.0,0.0,21,0.000146484375,31493.0,0.0,26,0.00043945312499999996,56744.0,0.0,45,0.123876953125,108177.0,0.0,49,0.000146484375,28756.0,0.0,21,0.000146484375,29231.0,0.0,23,0.19072265624999998,139536.0,0.0,47
22,467553.0,467553.0,0.0,349,349,0,0.0,0.198583984375,0.041259765625,0.07309018651292609,0.24165770652232876,0.3632676402461321,0,0,0.0,0,0,0,0.000146484375,27685.0,0.0,23,0.000146484375,30128.0,0.0,21,0.000146484375,30456.0,0.0,24,0.00043945312499999996,60162.0,0.0,46,0.130078125,116803.0,0.0,48,0.000146484375,28756.0,0.0,21,0.000390625,28411.0,0.0,21,0.198583984375,145152.0,0.0,50
23,451421.0,451421.0,0.0,343,343,0,0.0,0.20810546875,0.043023681640625,0.076436743073213,0.24059401071728798,0.37357948566858834,0,0,0.0,0,0,0,0.000146484375,26012.0,0.0,21,0.000146484375,24640.0,0.0,21,0.000146484375,31301.0,0.0,26,0.00029296875,56140.0,0.0,43,0.13505859374999998,117768.0,0.0,48,0.000146484375,26012.0,0.0,21,0.000146484375,30711.0,0.0,23,0.20810546875,138837.0,0.0,45
24,465807.0,465807.0,0.0,345,345,0,0.0,0.216552734375,0.04486083984375,0.07949641917069634,0.24153294905422248,0.3584164149529736,0,0,0.0,0,0,0,0.000146484375,28756.0,0.0,21,0.000390625,28756.0,0.0,20,0.000390625,32272.0,0.0,27,0.0005371093749999999,54768.0,0.0,41,0.140576171875,121884.0,0.0,47,0.000146484375,30128.0,0.0,21,0.000146484375,28207.0,0.0,23,0.216552734375,141036.0,0.0,46
25,453578.0,453578.0,0.0,345,345,0,0.0,0.22470703125,0.046673583984374996,0.0825023978690432,0.24244926943373182,0.3593185736521609,0,0,0.0,0,0,0,0.000390625,27384.0,0.0,20,0.00029296875,28756.0,0.0,21,0.00029296875,26765.0,0.0,24,0.00068359375,59356.0,0.0,43,0.146240234375,108164.0,0.0,46,0.000390625,28756.0,0.0,20,0.000390625,32756.0,0.0,23,0.22470703125,141641.0,0.0,49
26,469744.0,469744.0,0.0,346,346,0,0.0,0.23305664062499998,0.048242187500000006,0.08542114145296456,0.24182141420633668,0.3478639429135866,0,0,0.0,0,0,0,0.00029296875,28659.0,0.0,24,0.00029296875,31500.0,0.0,21,0.00029296875,30128.0,0.0,21,0.000830078125,58738.0,0.0,45,0.15058593750000002,114896.0,0.0,50,0.00029296875,30128.0,0.0,21,0.00029296875,33361.0,0.0,24,0.23305664062499998,142334.0,0.0,49
27,449867.0,449867.0,0.0,330,330,0,0.0,0.24091796875,0.049639892578125,0.08832343431309762,0.24004709286715775,0.37040197436131095,0,0,0.0,0,0,0,0.000146484375,27688.0,0.0,23,0.000146484375,30000.0,0.0,21,0.000146484375,28628.0,0.0,21,0.00029296875,48946.0,0.0,46,0.15517578124999998,111896.0,0.0,49,0.000146484375,25884.0,0.0,21,0.000146484375,29441.0,0.0,24,0.24091796875,147384.0,0.0,46
28,456582.0,456582.0,0.0,345,345,0,0.0,0.24921875,0.051477050781250006,0.09147270835154625,0.2405239472734765,0.3233400572076863,0,0,0.0,0,0,0,0.000146484375,30128.0,0.0,21,0.000146484375,31500.0,0.0,21,0.000146484375,32218.0,0.0,23,0.0005371093749999999,61929.0,0.0,43,0.16132812500000002,106792.0,0.0,46,0.000146484375,30740.0,0.0,22,0.000146484375,31843.0,0.0,25,0.24921875,131432.0,0.0,49
29,471093.0,471093.0,0.0,349,349,0,0.0,0.257421875,0.053125,0.09435149512731156,0.24071583271500713,0.36409610204354514,0,0,0.0,0,0,0,0.000146484375,32324.0,0.0,22,0.000146484375,28756.0,0.0,21,0.000146484375,29568.0,0.0,23,0.000927734375,56517.0,0.0,47,0.16591796875,117768.0,0.0,50,0.000146484375,27989.0,0.0,22,0.000146484375,29665.0,0.0,22,0.257421875,148506.0,0.0,50
30,460044.0,460044.0,0.0,347,347,0,0.0,0.265869140625,0.05489501953124999,0.09743766965600513,0.24093128717005327,0.36769852448896145,0,0,0.0,0,0,0,0.000146484375,30000.0,0.0,24,0.000390625,28756.0,0.0,20,0.000390625,32302.0,0.0,22,0.00043945312499999996,60567.0,0.0,46,0.17138671875,112280.0,0.0,48,0.000390625,28573.0,0.0,21,0.000146484375,23998.0,0.0,23,0.265869140625,143568.0,0.0,49
31,447819.0,447819.0,0.0,349,349,0,0.0,0.27421874999999996,0.056573486328125,0.10044581439950671,0.24082606322488792,0.35804616374026077,0,0,0.0,0,0,0,0.000146484375,30717.0,0.0,25,0.00029296875,30128.0,0.0,21,0.000146484375,30175.0,0.0,26,0.00068359375,54768.0,0.0,41,0.176416015625,110908.0,0.0,49,0.00029296875,25086.0,0.0,23,0.000390625,27745.0,0.0,23,0.27421874999999996,138292.0,0.0,48
32,458398.0,458398.0,0.0,349,349,0,0.0,0.28232421875,0.05828857421875001,0.10342523551099897,0.2410583645374467,0.3481183382126445,0,0,0.0,0,0,0,0.00087890625,35775.0,0.0,30,0.00029296875,27384.0,0.0,21,0.000146484375,29780.0,0.0,24,0.00043945312499999996,58394.0,0.0,44,0.18178710937499998,110652.0,0.0,46,0.000146484375,28628.0,0.0,21,0.00029296875,29749.0,0.0,23,0.28232421875,138036.0,0.0,47
33,447234.0,447234.0,0.0,337,337,0,0.0,0.28955078125,0.05969238281249999,0.10620430636987105,0.24006549422350645,0.37825444845427625,0,0,0.0,0,0,0,0.00029296875,25769.0,0.0,27,0.000146484375,27256.0,0.0,21,0.000146484375,28417.0,0.0,22,0.00029296875,51616.0,0.0,46,0.18681640624999998,118884.0,0.0,47,0.000146484375,30128.0,0.0,21,0.000146484375,24512.0,0.0,21,0.28955078125,140652.0,0.0,50
34,452294.0,452294.0,0.0,342,342,0,0.0,0.297900390625,0.061572265625,0.10938942677855505,0.24059770489876292,0.3582056140474996,0,0,0.0,0,0,0,0.000146484375,28756.0,0.0,22,0.000146484375,27384.0,0.0,21,0.000390625,30938.0,0.0,22,0.0005371093749999999,54768.0,0.0,41,0.19316406249999998,117242.0,0.0,47,0.000146484375,27384.0,0.0,21,0.000146484375,28902.0,0.0,22,0.297900390625,136920.0,0.0,50
35,471072.0,460572.0,10500.0,356,349,7,0.022289586305278126,0.33990796571644605,0.06751290977705575,0.12175134581839395,0.23517377149994587,0.3640738570749267,0,0,0.0,0,0,0,0.000390625,29522.0,0.0,23,0.000146484375,27384.0,0.0,21,0.000146484375,28294.0,0.0,28,0.00043945312499999996,57626.0,0.0,44,0.198779296875,115008.0,0.0,49,0.000146484375,31500.0,0.0,21,0.000146484375,32470.0,0.0,26,0.33990796571644605,149268.0,10500.0,48
36,456137.0,375997.0,80140.0,344,286,58,0.17569282912809053,0.5759089609512769,0.0976355927751596,0.19268736130847858,0.20429658142116494,0.3643743546346818,0,1,0.0,0,0,0,0.000146484375,31623.0,0.0,24,0.000146484375,28756.0,0.0,21,0.000146484375,30686.0,0.0,24,0.00043945312499999996,54101.0,0.0,43,0.20400390624999998,111772.0,0.0,48,0.000146484375,26012.0,0.0,21,0.000146484375,28035.0,0.0,22,0.5759089609512769,145152.0,80140.0,47
37,463953.0,388057.0,48512.0,343,286,36,0.10456231557937959,0.4720821141189117,0.08542627988986395,0.161297663483548,0.2190526813969055,0.35314164365787004,1,0,27384.0,21,0,0,0.000390625,30304.0,0.0,24,0.000390625,28756.0,0.0,20,0.000390625,26382.0,0.0,21,0.00068359375,62368.0,0.0,42,0.208935546875,110908.0,0.0,49,0.000390625,31500.0,0.0,20,0.000146484375,32699.0,0.0,22,0.4720821141189117,141036.0,48512.0,47
38,471509.0,420253.0,51256.0,342,306,36,0.10870630253081043,0.5126593202336679,0.09131019823233348,0.173794861785411,0.21632265253215777,0.31836905552173933,0,0,0.0,0,0,0,0.002783203125,61500.0,0.0,45,0.00029296875,26012.0,0.0,21,0.00029296875,30740.0,0.0,24,0.00043945312499999996,58884.0,0.0,43,0.213330078125,113524.0,0.0,51,0.00029296875,29921.0,0.0,24,0.000390625,30416.0,0.0,22,0.5126593202336679,120512.0,51256.0,48
39,451615.0,401603.0,50012.0,337,300,37,0.11074034299126444,0.528089013495276,0.0936478454369095,0.17897462059734395,0.2149393333746054,0.3024038727677332,0,0,0.0,0,0,0,0.002197265625,58756.0,0.0,45,0.000146484375,27256.0,0.0,21,0.000146484375,28176.0,0.0,24,0.00029296875,59593.0,0.0,44,0.21801757812499997,107780.0,0.0,49,0.000146484375,29042.0,0.0,22,0.000146484375,31520.0,0.0,25,0.528089013495276,109492.0,50012.0,49
40,467483.0,416410.0,51073.0,346,309,37,0.10925103158831422,0.5168818409621213,0.09293664613589017,0.17618288463020856,0.21768488698519592,0.3130624536079383,0,0,0.0,0,0,0,0.0013183593749999999,57512.0,0.0,48,0.000146484375,28756.0,0.0,21,0.000146484375,29063.0,0.0,23,0.00029296875,58009.0,0.0,44,0.224169921875,116396.0,0.0,46,0.000146484375,30645.0,0.0,22,0.000390625,29517.0,0.0,24,0.5168818409621213,117585.0,51073.0,48
41,461514.0,413130.0,48384.0,343,308,35,0.10483755639048847,0.5102724961203731,0.09270251904629663,0.1747882478029565,0.21953826533798798,0.308842743665414,0,0,0.0,0,0,0,0.000732421875,60256.0,0.0,46,0.000146484375,27384.0,0.0,21,0.000146484375,28756.0,0.0,21,0.00029296875,57358.0,0.0,43,0.229736328125,110908.0,0.0,46,0.000146484375,30128.0,0.0,21,0.000146484375,31700.0,0.0,28,0.5102724961203731,115024.0,48384.0,48
42,461689.0,413305.0,48384.0,345,310,35,0.10479781844488367,0.5127138260462841,0.09377672825578552,0.1760295522152657,0.22106508512758996,0.30430955686620176,0,0,0.0,0,0,0,0.0005859375,60256.0,0.0,43,0.000146484375,28756.0,0.0,21,0.000390625,30128.0,0.0,20,0.0005371093749999999,54108.0,0.0,43,0.235302734375,113418.0,0.0,48,0.000146484375,30128.0,0.0,21,0.000390625,31243.0,0.0,25,0.5127138260462841,113652.0,48384.0,49
43,456807.0,405423.0,51384.0,345,308,37,0.11248514142734216,0.5218365615371401,0.0955884569108925,0.1792346063268877,0.22144126370465525,0.30062340331912574,0,0,0.0,0,0,0,0.0005859375,56140.0,0.0,42,0.000390625,30128.0,0.0,20,0.000146484375,28055.0,0.0,24,0.00068359375,56140.0,0.0,41,0.24038085937499998,106792.0,0.0,48,0.000390625,30128.0,0.0,20,0.00029296875,33558.0,0.0,26,0.5218365615371401,115866.0,51384.0,48
44,447243.0,399115.0,48128.0,341,308,33,0.10761040418743255,0.5096970964481141,0.09452878744663927,0.17617211083527298,0.22354707367628696,0.33015748709314585,0,0,0.0,0,0,0,0.00029296875,51441.0,0.0,43,0.000146484375,23140.0,0.0,21,0.000146484375,26265.0,0.0,23,0.0005859375,61722.0,0.0,48,0.244921875,110524.0,0.0,48,0.00029296875,30128.0,0.0,21,0.000146484375,29267.0,0.0,24,0.5096970964481141,114756.0,48128.0,51
45,459246.0,412362.0,46884.0,339,305,34,0.10208907644269062,0.5089657615220826,0.09513927487776032,0.17651392879456,0.22511280327185584,0.30038693859064614,0,0,0.0,0,0,0,0.00078125,56690.0,0.0,43,0.000146484375,31500.0,0.0,21,0.000146484375,31500.0,0.0,21,0.00029296875,52357.0,0.0,44,0.250244140625,114896.0,0.0,48,0.000146484375,28488.0,0.0,23,0.000390625,31791.0,0.0,22,0.5089657615220826,112024.0,46884.0,50
46,478974.0,426090.0,52884.0,357,319,38,0.11041100352002382,0.5237006609599466,0.09776849082311832,0.18123292455404352,0.22541897831559593,0.3089692759941036,0,0,0.0,0,0,0,0.00205078125,65981.0,0.0,48,0.000146484375,28756.0,0.0,21,0.000390625,27637.0,0.0,21,0.0005371093749999999,59087.0,0.0,42,0.2548828125,113652.0,0.0,51,0.000146484375,32334.0,0.0,22,0.00029296875,33479.0,0.0,26,0.5237006609599466,118048.0,52884.0,47
47,482257.0,435245.0,47012.0,345,310,35,0.09748329210358772,0.4995469873766626,0.09540235779708281,0.17489262237169437,0.22932300820285698,0.30743125553387474,0,0,0.0,0,0,0,0.0019531249999999998,62160.0,0.0,46,0.000146484375,31500.0,0.0,21,0.000146484375,30564.0,0.0,23,0.00043945312499999996,57512.0,0.0,42,0.260693359375,120512.0,0.0,47,0.000146484375,32113.0,0.0,23,0.000146484375,30128.0,0.0,22,0.4995469873766626,117768.0,47012.0,48
48,458579.0,408439.0,50140.0,344,306,38,0.109337758597755,0.5146392011485972,0.09786871850294965,0.17985611401679527,0.22845418228252878,0.314287996179502,0,0,0.0,0,0,0,0.001171875,56193.0,0.0,49,0.000146484375,30128.0,0.0,21,0.000146484375,29696.0,0.0,23,0.00043945312499999996,53396.0,0.0,42,0.265625,114933.0,0.0,50,0.000390625,30128.0,0.0,20,0.000390625,27384.0,0.0,20,0.5146392011485972,116721.0,50140.0,48
49,456993.0,408609.0,48384.0,348,313,35,0.10587470705240538,0.5071571242221986,0.09778184755902482,0.17851970510163076,0.2307785916467374,0.3305895823349587,0,0,0.0,0,0,0,0.0005859375,58145.0,0.0,48,0.000390625,23268.0,0.0,20,0.000390625,29603.0,0.0,22,0.00068359375,60256.0,0.0,41,0.2724609375,112745.0,0.0,48,0.00029296875,30128.0,0.0,21,0.00029296875,26012.0,0.0,21,0.5071571242221986,116836.0,48384.0,50
50,456819.0,411307.0,45512.0,337,303,34,0.09962808026811473,0.502988558115893,0.09767581585823662,0.1778149921184306,0.2317992685996236,0.3158135388414227,0,0,0.0,0,0,0,0.0010742187499999999,59384.0,0.0,44,0.000146484375,28628.0,0.0,21,0.000146484375,26131.0,0.0,22,0.00043945312499999996,56012.0,0.0,42,0.27617187499999996,114768.0,0.0,50,0.000146484375,31085.0,0.0,23,0.00029296875,28787.0,0.0,23,0.502988558115893,112024.0,45512.0,49
51,466841.0,419701.0,47140.0,336,300,36,0.10097656375511127,0.5098050584169884,0.09907719480212354,0.18046046973466248,0.23161312832480124,0.30243996349934954,0,0,0.0,0,0,0,0.00043945312499999996,58737.0,0.0,48,0.000146484375,31500.0,0.0,21,0.000146484375,31932.0,0.0,22,0.00043945312499999996,57384.0,0.0,41,0.28134765624999997,116140.0,0.0,48,0.000146484375,28756.0,0.0,21,0.000146484375,30128.0,0.0,22,0.5098050584169884,112264.0,47140.0,47
52,470482.0,414854.0,55628.0,343,305,38,0.11823619182030319,0.5298182114885439,0.10218308698294298,0.18680217846978242,0.23030886234053327,0.32092460497957376,0,0,0.0,0,0,0,0.00043945312499999996,56151.0,0.0,46,0.000146484375,30128.0,0.0,21,0.000146484375,29090.0,0.0,22,0.00029296875,56140.0,0.0,43,0.286328125,119140.0,0.0,50,0.000146484375,31500.0,0.0,21,0.000146484375,27384.0,0.0,21,0.5298182114885439,120949.0,55628.0,48
53,466528.0,414888.0,51640.0,343,304,39,0.11069003360998673,0.5245315525202295,0.10226688351815368,0.18599521099905272,0.2321394183478558,0.3027111984704023,0,0,0.0,0,0,0,0.00043945312499999996,59277.0,0.0,43,0.000146484375,30128.0,0.0,21,0.000146484375,31614.0,0.0,22,0.0005371093749999999,57512.0,0.0,41,0.29204101562499996,113314.0,0.0,48,0.000146484375,31007.0,0.0,23,0.000146484375,28756.0,0.0,21,0.5245315525202295,114920.0,51640.0,47
54,478656.0,421100.0,57556.0,362,322,40,0.12024501938761842,0.543939655691664,0.10544973235208299,0.19215800912579453,0.23144546349240142,0.3048259083767879,0,0,0.0,0,0,0,0.000927734375,59174.0,0.0,46,0.000146484375,28756.0,0.0,21,0.000146484375,30006.0,0.0,24,0.00068359375,57512.0,0.0,41,0.29746093749999997,117768.0,0.0,47,0.000146484375,36006.0,0.0,31,0.000146484375,31533.0,0.0,24,0.543939655691664,117901.0,57556.0,48
55,464571.0,414687.0,49884.0,350,314,36,0.10737648281963337,0.5195570586362297,0.1031465366264037,0.18598111615376645,0.23523403266081938,0.30697164696031365,0,0,0.0,0,0,0,0.0005859375,55629.0,0.0,45,0.000390625,30128.0,0.0,20,0.000390625,28633.0,0.0,24,0.0005859375,56140.0,0.0,42,0.303125,117260.0,0.0,48,0.000390625,29576.0,0.0,22,0.000146484375,33553.0,0.0,25,0.5195570586362297,113652.0,49884.0,47
56,460545.0,366521.0,94024.0,339,269,70,0.20415811701353787,0.5176974503673181,0.1259864658514518,0.21776204125810816,0.2507799536619821,0.313489724131192,0,0,0.0,0,0,0,0.00029296875,51768.0,0.0,42,0.000146484375,30000.0,0.0,21,0.00029296875,31763.0,0.0,24,0.0005859375,57370.0,0.0,43,0.4881923233192964,113524.0,42640.0,46,0.00029296875,26634.0,0.0,22,0.000390625,31469.0,0.0,21,0.5176974503673181,118017.0,51384.0,48
57,452408.0,358460.0,93948.0,343,275,68,0.20766211030750958,0.5261122109440957,0.12893516286242146,0.22284464086503925,0.25080371830453646,0.3136162490495302,0,0,0.0,0,0,0,0.001025390625,65584.0,0.0,45,0.000146484375,30128.0,0.0,21,0.000146484375,26525.0,0.0,27,0.00029296875,56134.0,0.0,44,0.5034647950802761,112204.0,45692.0,49,0.000146484375,27256.0,0.0,21,0.000146484375,28007.0,0.0,24,0.5261122109440957,106570.0,48256.0,49
58,476063.0,381398.0,94665.0,357,284,73,0.1988497320732756,0.519383920182815,0.12758695951284707,0.22045254502142203,0.25090929504414555,0.30529809079890646,0,0,0.0,0,0,0,0.00043945312499999996,64539.0,0.0,50,0.000146484375,30128.0,0.0,21,0.000390625,31146.0,0.0,23,0.00029296875,62721.0,0.0,44,0.49926097466996167,114760.0,45768.0,49,0.000146484375,24640.0,0.0,21,0.0006347656249999999,36836.0,0.0,27,0.519383920182815,111293.0,48897.0,48
59,465810.0,371402.0,94408.0,349,276,73,0.20267491037118096,0.5067637475289185,0.12619782099830956,0.21806433155434263,0.2508885659828056,0.3130745368283201,0,0,0.0,0,0,0,0.00068359375,58919.0,0.0,43,0.000146484375,27384.0,0.0,21,0.000146484375,30723.0,0.0,25,0.0005371093749999999,56381.0,0.0,43,0.5067637475289185,110908.0,45896.0,47,0.000146484375,30597.0,0.0,24,0.000146484375,30258.0,0.0,25,0.5010121798325581,120640.0,48512.0,48
60,462573.0,369953.0,92620.0,356,281,75,0.2002278559276045,0.5102282276496092,0.12699206423029055,0.2188405855764583,0.2519125472374801,0.31847702957154844,0,0,0.0,0,0,0,0.00043945312499999996,57512.0,0.0,43,0.000146484375,27384.0,0.0,21,0.000390625,26843.0,0.0,23,0.0026367187499999997,67289.0,0.0,45,0.5018020361927154,116396.0,47012.0,49,0.000146484375,31242.0,0.0,22,0.000146484375,27384.0,0.0,21,0.5102282276496092,108523.0,45608.0,47
61,463944.0,372920.0,91024.0,343,275,68,0.19619609263186893,0.5020785191004264,0.12505927258582122,0.2158677731607149,0.251287660995828,0.3103828263755968,0,0,0.0,0,0,0,0.000927734375,55148.0,0.0,42,0.000146484375,27384.0,0.0,21,0.000146484375,30128.0,0.0,22,0.0005859375,60256.0,0.0,50,0.5020785191004264,119140.0,48128.0,50,0.000390625,31905.0,0.0,21,0.000390625,30447.0,0.0,24,0.49580777096114337,109536.0,42896.0,49
62,455880.0,365240.0,90640.0,330,265,65,0.1988242519961389,0.503434885081298,0.12577672641434515,0.21735917685072453,0.2508496933191997,0.31661785996314773,0,0,0.0,0,0,0,0.00043945312499999996,58884.0,0.0,44,0.000146484375,25884.0,0.0,20,0.000390625,30128.0,0.0,20,0.00043945312499999996,60128.0,0.0,42,0.5010699418584632,116268.0,46756.0,50,0.000146484375,27793.0,0.0,22,0.000146484375,29015.0,0.0,22,0.503434885081298,107780.0,43884.0,50
63,465308.0,365668.0,99640.0,340,269,71,0.21413773242669326,0.5316261502245421,0.1308306273729073,0.22599257775475237,0.25101670631433165,0.3022417409543783,0,0,0.0,0,0,0,0.0014160156250000002,64334.0,0.0,47,0.000146484375,30128.0,0.0,21,0.000146484375,28628.0,0.0,21,0.00029296875,57384.0,0.0,42,0.5127239468837164,113268.0,48256.0,49,0.000146484375,30128.0,0.0,21,0.000146484375,30658.0,0.0,22,0.5316261502245421,110780.0,51384.0,47
64,455941.0,362707.0,93234.0,346,273,73,0.20448698406153384,0.5138907596264297,0.12581254891371102,0.21737264715773244,0.250933441243377,0.3250675526000071,0,0,0.0,0,0,0,0.001025390625,60365.0,0.0,48,0.000146484375,30128.0,0.0,21,0.000146484375,26012.0,0.0,21,0.0005371093749999999,53396.0,0.0,41,0.4904611941832583,112721.0,43004.0,50,0.000146484375,30128.0,0.0,21,0.000146484375,26012.0,0.0,21,0.5138907596264297,117179.0,50230.0,50
65,459248.0,358364.0,100884.0,344,274,70,0.21967215970456003,0.5176944346022622,0.12945498597921998,0.22365933998317764,0.25094441411257995,0.3253917273455733,0,0,0.0,0,0,0,0.00043945312499999996,55420.0,0.0,47,0.000146484375,30128.0,0.0,21,0.000146484375,26012.0,0.0,21,0.000927734375,58842.0,0.0,45,0.5159923282314975,115024.0,49756.0,49,0.000146484375,30128.0,0.0,21,0.000146484375,26237.0,0.0,22,0.5176944346022622,117457.0,51128.0,48
66,464921.0,359665.0,105256.0,349,277,72,0.22639545213057655,0.5276301681977322,0.13135501575255748,0.22687139568989373,0.2510614451333365,0.3202944693829701,0,0,0.0,0,0,0,0.00068359375,54245.0,0.0,43,0.000146484375,30128.0,0.0,21,0.000390625,29715.0,0.0,22,0.000732421875,59978.0,0.0,49,0.5276301681977322,115575.0,52628.0,49,0.000146484375,28756.0,0.0,21,0.000146484375,27384.0,0.0,21,0.5209638640727277,119140.0,52628.0,47
67,464022.0,370126.0,93896.0,345,276,69,0.20235247466714898,0.5215710723192,0.12728132328116643,0.2198043491209362,0.2511146870770994,0.3056638478348006,0,0,0.0,0,0,0,0.0005859375,63604.0,0.0,46,0.000390625,31500.0,0.0,20,0.00029296875,27384.0,0.0,21,0.0005859375,53028.0,0.0,45,0.4940427951801315,113652.0,44140.0,50,0.000390625,33233.0,0.0,22,0.000390625,29341.0,0.0,21,0.5215710723192,112280.0,49756.0,49
68,456436.0,355296.0,101140.0,334,262,72,0.22158637793688443,0.5255239582437957,0.13031096287145438,0.22521258031725905,0.2508202709001192,0.31928024958592194,0,0,0.0,0,0,0,0.0005859375,59055.0,0.0,43,0.000146484375,28628.0,0.0,21,0.000146484375,27283.0,0.0,23,0.00029296875,53140.0,0.0,42,0.5152059322278394,119140.0,51256.0,47,0.00029296875,29135.0,0.0,22,0.00029296875,29531.0,0.0,22,0.5255239582437957,110524.0,49884.0,46
69,442726.0,351574.0,91152.0,330,261,69,0.20588806620799274,0.5100818358406869,0.12670858726628595,0.21902396510626412,0.2507563304365115,0.3278506344782097,0,0,0.0,0,0,0,0.00043945312499999996,54925.0,0.0,42,0.000146484375,28756.0,0.0,21,0.000146484375,24640.0,0.0,21,0.0005371093749999999,60089.0,0.0,43,0.5100818358406869,104908.0,44140.0,48,0.000146484375,27256.0,0.0,21,0.000146484375,25884.0,0.0,21,0.5020243622896008,116268.0,47012.0,48
70,449999.0,360091.0,89908.0,350,280,70,0.19979599954666521,0.5130395357631472,0.12613272395424865,0.2178870821668441,0.2510002941857977,0.31028318951819855,0,0,0.0,0,0,0,0.000927734375,60195.0,0.0,47,0.000146484375,28756.0,0.0,21,0.000390625,31690.0,0.0,23,0.00043945312499999996,53396.0,0.0,42,0.49382499024584203,103882.0,40280.0,48,0.000146484375,27384.0,0.0,21,0.000146484375,28300.0,0.0,24,0.5130395357631472,116396.0,49628.0,50
71,483795.0,368708.0,115087.0,357,272,85,0.237883814425531,0.5454052919430136,0.1347437146739843,0.23298765457973164,0.2506362540738143,0.3134574044791696,0,0,0.0,0,0,0,0.00043945312499999996,58884.0,0.0,44,0.000146484375,30128.0,0.0,21,0.000146484375,29705.0,0.0,27,0.00043945312499999996,58884.0,0.0,42,0.5454052919430136,118208.0,58087.0,48,0.000146484375,28756.0,0.0,21,0.000146484375,35974.0,0.0,27,0.5310795816988607,123256.0,57000.0,46
72,470014.0,365762.0,104252.0,351,274,77,0.22180615896547715,0.5259120099761753,0.1309197905114054,0.22634175251392064,0.25069249703082774,0.31229761241154486,0,0,0.0,0,0,0,0.00043945312499999996,58884.0,0.0,42,0.000146484375,27384.0,0.0,21,0.000146484375,32824.0,0.0,24,0.00043945312499999996,56140.0,0.0,42,0.5199814703650679,120138.0,52868.0,49,0.000146484375,30128.0,0.0,21,0.000146484375,30864.0,0.0,27,0.5259120099761753,113652.0,51384.0,47
73,476172.0,368776.0,107396.0,360,282,78,0.225540350965617,0.5316146286212654,0.13293276824999686,0.22877019197484053,0.25241962457515005,0.3144824769201042,0,0,0.0,0,0,0,0.0021484375,61457.0,0.0,43,0.000390625,31500.0,0.0,20,0.00087890625,33668.0,0.0,26,0.000927734375,60503.0,0.0,44,0.5316146286212654,117880.0,54640.0,47,0.000390625,28756.0,0.0,20,0.000390625,26012.0,0.0,20,0.5267205642537095,116396.0,52756.0,46
74,461565.0,364452.0,97113.0,345,274,71,0.21039940203438257,0.518132507346912,0.12829602379009297,0.221476363834485,0.25125103478049216,0.3180746482077277,0,0,0.0,0,0,0,0.0008789062499999999,56553.0,0.0,48,0.00029296875,31500.0,0.0,21,0.00029296875,29430.0,0.0,28,0.000732421875,60586.0,0.0,47,0.518132507346912,118332.0,51601.0,47,0.000146484375,25884.0,0.0,21,0.00029296875,28756.0,0.0,21,0.5055989642238319,110524.0,45512.0,49
75,454817.0,358049.0,96768.0,334,264,70,0.21276249568507727,0.5154142856904004,0.12875270294444652,0.22266848951675258,0.2505687828232064,0.31370116992108876,0,0,0.0,0,0,0,0.00029296875,58884.0,0.0,46,0.000146484375,30000.0,0.0,21,0.000146484375,28628.0,0.0,21,0.00029296875,56522.0,0.0,47,0.5134354628651718,113268.0,48384.0,47,0.000146484375,26542.0,0.0,23,0.000146484375,28821.0,0.0,22,0.5154142856904004,112152.0,48384.0,48
76,465780.0,370768.0,95012.0,349,282,67,0.20398471381338787,0.5116852372676002,0.1273989793465852,0.22011714313075154,0.25092739436714595,0.3070725449783156,0,0,0.0,0,0,0,0.0005371093749999999,61059.0,0.0,43,0.000146484375,27384.0,0.0,21,0.000146484375,28756.0,0.0,21,0.00078125,57677.0,0.0,46,0.5056023006300814,113854.0,46884.0,52,0.000146484375,31500.0,0.0,21,0.000146484375,31898.0,0.0,25,0.5116852372676002,113652.0,48128.0,50
77,469508.0,369609.0,99899.0,354,277,77,0.21277379725159057,0.5248212382523694,0.1295674102347557,0.2238436430999679,0.25096109517774917,0.3114196137233014,0,0,0.0,0,0,0,0.00068359375,61810.0,0.0,44,0.000146484375,28756.0,0.0,21,0.000146484375,30128.0,0.0,21,0.000830078125,62170.0,0.0,46,0.5248212382523694,114704.0,51643.0,48,0.000146484375,28756.0,0.0,21,0.000146484375,28160.0,0.0,24,0.5096184342506763,115024.0,48256.0,50
78,459051.0,356934.0,102117.0,356,282,74,0.2224524072488673,0.5369448128909963,0.1313811399162631,0.22703843551542452,0.2508595019234588,0.30453070573857777,0,0,0.0,0,0,0,0.000830078125,57341.0,0.0,43,0.000146484375,30128.0,0.0,21,0.000146484375,28756.0,0.0,21,0.00043945312499999996,53740.0,0.0,45,0.5369448128909963,115090.0,54495.0,48,0.000146484375,31500.0,0.0,21,0.000390625,30260.0,0.0,31,0.5120046970641086,112236.0,47622.0,50
79,471849.0,372588.0,99261.0,352,279,73,0.21036602811492616,0.5167694727087582,0.12865987348048868,0.22206300662450162,0.2513212950654009,0.3109609748033795,0,0,0.0,0,0,0,0.0005859375,56527.0,0.0,44,0.000390625,28756.0,0.0,20,0.000390625,35929.0,0.0,26,0.00068359375,58884.0,0.0,41,0.5097751401351514,112280.0,47140.0,49,0.000390625,26012.0,0.0,20,0.00029296875,33320.0,0.0,28,0.5167694727087582,120141.0,52121.0,49
80,452013.0,348923.0,103090.0,349,273,76,0.22806866174202906,0.5341491511811265,0.13333173644312307,0.2304315213481116,0.2508231617800789,0.31804201427835,0,0,0.0,0,0,0,0.0005859375,58812.0,0.0,45,0.000146484375,28628.0,0.0,21,0.00029296875,28756.0,0.0,21,0.00043945312499999996,56983.0,0.0,45,0.5341491511811265,116594.0,54578.0,48,0.000146484375,23140.0,0.0,21,0.000146484375,33936.0,0.0,29,0.5307469278638581,105164.0,48512.0,45
81,458922.0,353344.0,105578.0,344,270,74,0.2300565237665655,0.5357025722287716,0.13275269115927651,0.2296112870388742,0.2505277158312782,0.3081825451819695,0,0,0.0,0,0,0,0.00029296875,56467.0,0.0,43,0.000146484375,30128.0,0.0,21,0.000146484375,27256.0,0.0,21,0.00029296875,52482.0,0.0,43,0.5357025722287716,115434.0,54450.0,48,0.000146484375,30128.0,0.0,21,0.000146484375,33631.0,0.0,31,0.5251470820454405,113396.0,51128.0,49
82,456763.0,361111.0,95652.0,345,273,72,0.20941275891435995,0.5224257173650148,0.12753416857075356,0.22044548432413483,0.25076579279647704,0.32935269494245345,0,0,0.0,0,0,0,0.0005371093749999999,56140.0,0.0,41,0.000146484375,26012.0,0.0,21,0.000146484375,24640.0,0.0,21,0.00078125,63375.0,0.0,43,0.5224257173650148,115931.0,51640.0,49,0.000146484375,27384.0,0.0,21,0.000146484375,31001.0,0.0,24,0.49594333432601356,112280.0,44012.0,50
83,478347.0,377335.0,101012.0,341,270,71,0.21116887949542862,0.5120794246631024,0.12820941823845297,0.2215015028425985,0.25095437717294805,0.3263308330563375,0,0,0.0,0,0,0,0.00068359375,63853.0,0.0,44,0.000146484375,28756.0,0.0,21,0.000146484375,27384.0,0.0,21,0.00043945312499999996,62073.0,0.0,44,0.5120794246631024,120512.0,51128.0,48,0.000146484375,26012.0,0.0,21,0.000390625,31989.0,0.0,21,0.5116427962445214,117768.0,49884.0,48
84,466059.0,361663.0,104396.0,352,276,76,0.2239973908882776,0.5447235449635546,0.13181905183732212,0.227763279007799,0.2509121564660379,0.3124751909093051,0,0,0.0,0,0,0,0.0010742187499999999,61807.0,0.0,48,0.000146484375,28756.0,0.0,21,0.000146484375,28275.0,0.0,22,0.00068359375,54669.0,0.0,44,0.5447235449635546,116911.0,57256.0,46,0.000390625,28989.0,0.0,21,0.000146484375,33000.0,0.0,23,0.5072409791100226,113652.0,47140.0,48
85,456369.0,359345.0,97024.0,343,271,72,0.2125998917542598,0.5165366781004295,0.12894317453297408,0.2226476498560503,0.25115958676120176,0.3094066972121241,0,0,0.0,0,0,0,0.0005859375,60256.0,0.0,44,0.000146484375,27384.0,0.0,21,0.000390625,31185.0,0.0,22,0.0005859375,50971.0,0.0,43,0.5165366781004295,115238.0,49884.0,48,0.00029296875,29581.0,0.0,22,0.000390625,30846.0,0.0,22,0.5126161400383632,110908.0,47140.0,47
86,454053.0,353430.0,100623.0,333,260,73,0.2216106930248226,0.5231561783881375,0.13076507729236547,0.2259567435151159,0.25088791346571127,0.31044916562603886,0,0,0.0,0,0,0,0.00043945312499999996,57384.0,0.0,42,0.000146484375,28628.0,0.0,20,0.00029296875,28756.0,0.0,21,0.00029296875,54107.0,0.0,43,0.5211089712007863,111635.0,49367.0,47,0.000146484375,30103.0,0.0,23,0.0005371093749999999,28672.0,0.0,21,0.5231561783881375,114768.0,51256.0,47
87,447514.0,346587.0,100927.0,344,268,76,0.22552813990176793,0.5356346678263558,0.1304050553436213,0.2256480174372692,0.2503658860443122,0.3205966740705315,0,0,0.0,0,0,0,0.00029296875,51896.0,0.0,42,0.000146484375,28756.0,0.0,21,0.000146484375,28071.0,0.0,26,0.00029296875,56140.0,0.0,42,0.5356346678263558,114533.0,54043.0,50,0.000146484375,27384.0,0.0,21,0.000146484375,27338.0,0.0,24,0.5064338999226144,113396.0,46884.0,49
88,451041.0,363877.0,87164.0,356,286,70,0.1932507244352505,0.5027969316928695,0.12504701025716614,0.21576610682009514,0.2514280485517217,0.30109873603508297,0,0,0.0,0,0,0,0.00078125,59654.0,0.0,44,0.000146484375,28756.0,0.0,21,0.000146484375,28750.0,0.0,23,0.001513671875,52540.0,0.0,44,0.49469829098945944,113841.0,44396.0,49,0.000146484375,31122.0,0.0,24,0.000146484375,30958.0,0.0,24,0.5027969316928695,105420.0,42768.0,49
89,484382.0,384486.0,99896.0,348,275,73,0.20623392281298603,0.5106812603705735,0.12715856856438623,0.2197846331323722,0.25078565723396007,0.31435519899583353,0,0,0.0,0,0,0,0.00043945312499999996,59674.0,0.0,44,0.000146484375,30128.0,0.0,21,0.000146484375,30716.0,0.0,22,0.0005859375,62879.0,0.0,47,0.5106812603705735,115712.0,48768.0,47,0.000146484375,29615.0,0.0,25,0.000146484375,31030.0,0.0,23,0.5049759600195165,124628.0,51128.0,49
90,460163.0,362808.0,97355.0,341,268,73,0.21156633627649288,0.5174177036155484,0.12824633185649137,0.22165165799390035,0.25080786234826313,0.3211641852995566,0,0,0.0,0,0,0,0.00068359375,60375.0,0.0,42,0.000146484375,27384.0,0.0,21,0.000146484375,26012.0,0.0,21,0.00043945312499999996,57512.0,0.0,43,0.5174177036155484,115559.0,50283.0,48,0.000146484375,31500.0,0.0,21,0.000146484375,27981.0,0.0,22,0.5068439668613826,113840.0,47072.0,49
91,467598.0,367369.0,100229.0,345,271,74,0.2143486499086818,0.5209985417357319,0.1289337079603398,0.22266647057302638,0.25110017852376854,0.3130477461409156,0,0,0.0,0,0,0,0.0005859375,61416.0,0.0,44,0.000146484375,30128.0,0.0,21,0.000390625,31169.0,0.0,24,0.00068359375,53396.0,0.0,41,0.5209985417357319,116885.0,51640.0,45,0.000146484375,28756.0,0.0,21,0.000390625,29119.0,0.0,21,0.5081273719469865,116729.0,48589.0,50
92,438008.0,338240.0,99768.0,338,266,72,0.227776661613486,0.5414000876424168,0.13107216894732815,0.22666759094992475,0.25058907550964754,0.3423247977205892,0,0,0.0,0,0,0,0.0005859375,61702.0,0.0,44,0.000146484375,25884.0,0.0,20,0.00029296875,28756.0,0.0,21,0.00029296875,50820.0,0.0,43,0.5414000876424168,109536.0,52884.0,46,0.000390625,26215.0,0.0,20,0.000146484375,20923.0,0.0,24,0.5053217951862085,114172.0,46884.0,50
93,466928.0,364446.0,102482.0,347,269,78,0.2194813761436448,0.5494042624300763,0.13213912427194427,0.22870353281770547,0.25027570195897814,0.30640537727444017,0,0,0.0,0,0,0,0.0005859375,64245.0,0.0,48,0.000146484375,30128.0,0.0,21,0.000146484375,28628.0,0.0,21,0.00029296875,61794.0,0.0,43,0.5062438879954778,103536.0,42768.0,48,0.000146484375,28885.0,0.0,23,0.000146484375,30069.0,0.0,23,0.5494042624300763,119643.0,59714.0,47
94,461366.0,358262.0,103104.0,343,269,74,0.22347550534716423,0.5256257736802719,0.1304280928170962,0.2254692922560043,0.2507297958127846,0.3298205762886728,0,0,0.0,0,0,0,0.00043945312499999996,57512.0,0.0,43,0.000146484375,21896.0,0.0,21,0.000146484375,28756.0,0.0,21,0.0005371093749999999,58884.0,0.0,41,0.5162364688564977,115024.0,49756.0,48,0.000146484375,30073.0,0.0,22,0.000146484375,31152.0,0.0,24,0.5256257736802719,118069.0,53348.0,49
95,463083.0,371829.0,91254.0,340,270,70,0.19705754691923436,0.505746649892218,0.12509860281975094,0.21627570429488935,0.2506960410171075,0.31154809181075493,0,0,0.0,0,0,0,0.00043945312499999996,60256.0,0.0,42,0.000146484375,30128.0,0.0,21,0.000146484375,28756.0,0.0,21,0.00043945312499999996,58884.0,0.0,42,0.505746649892218,114643.0,47242.0,51,0.000146484375,28756.0,0.0,21,0.000146484375,28008.0,0.0,22,0.49357732891578954,113652.0,44012.0,50
96,474840.0,364388.0,110452.0,351,272,79,0.2326088787802202,0.5538563841027755,0.13268524459904396,0.22970444508279708,0.250184704637282,0.31531252632465634,0,1,0.0,0,0,0,0.00043945312499999996,57248.0,0.0,45,0.000146484375,30128.0,0.0,21,0.000146484375,32200.0,0.0,24,0.00043945312499999996,56140.0,0.0,42,0.5061607289395762,121098.0,49884.0,47,0.000146484375,30128.0,0.0,21,0.000146484375,28671.0,0.0,23,0.5538563841027755,119227.0,60568.0,47
97,466943.0,366738.0,69512.0,344,270,50,0.14886613569536292,0.5282902424773569,0.11430432074697675,0.20050212142178667,0.2452847192593295,0.3026233930051416,0,1,0.0,0,0,0,0.00068359375,61545.0,0.0,42,0.000146484375,30128.0,0.0,21,0.000390625,33422.0,0.0,22,0.00068359375,56140.0,0.0,41,0.5282902424773569,109536.0,50012.0,47,0.000390625,28756.0,0.0,20,0.000390625,30455.0,0.0,22,0.3834587766234571,116961.0,19500.0,49
98,454408.0,360896.0,66128.0,337,271,45,0.14552560694353942,0.5199671715574934,0.11128014913817823,0.19590587178059912,0.24394583260440578,0.3178410151229729,1,0,58077.0,45,0,0,0.000830078125,59704.0,0.0,45,0.000146484375,30000.0,0.0,20,0.000146484375,27471.0,0.0,22,0.00043945312499999996,57369.0,0.0,45,0.5199671715574934,116140.0,51128.0,48,0.000146484375,27256.0,0.0,21,0.000146484375,27316.0,0.0,24,0.3684185527979325,109152.0,15000.0,52
99,448607.0,384455.0,64152.0,341,290,51,0.14300267271799116,0.5074677881772339,0.11659069317606495,0.1998731844774774,0.2538795187449852,0.29413133321593254,0,0,0.0,0,0,0,0.01123046875,87432.0,0.0,48,0.000146484375,30128.0,0.0,21,0.000146484375,27384.0,0.0,21,0.00029296875,51105.0,0.0,43,0.5074677881772339,106536.0,44268.0,48,0.000146484375,26012.0,0.0,21,0.000146484375,32370.0,0.0,27,0.41314838223128575,87640.0,19884.0,47
100,464042.0,391530.0,72512.0,342,290,52,0.15626171768934674,0.5120794246631024,0.11934237159276201,0.20353908049852767,0.25583631196407225,0.3077043672770996,0,0,0.0,0,0,0,0.0140625,86666.0,0.0,48,0.000146484375,28756.0,0.0,21,0.000146484375,30128.0,0.0,21,0.00029296875,59035.0,0.0,43,0.5120794246631024,120512.0,51128.0,48,0.000146484375,26012.0,0.0,21,0.000146484375,29409.0,0.0,23,0.4277181418289937,83524.0,21384.0,46
101,461940.0,391056.0,70884.0,344,294,50,0.15344849980516917,0.510174839870373,0.11982499813897493,0.20338086862309845,0.2576734444890384,0.2969195133567126,0,0,0.0,0,0,0,0.016943359374999998,89162.0,0.0,47,0.000146484375,28756.0,0.0,21,0.000146484375,27384.0,0.0,21,0.0005371093749999999,50652.0,0.0,41,0.510174839870373,115024.0,48384.0,49,0.000146484375,31500.0,0.0,21,0.000146484375,33194.0,0.0,26,0.4303587389914264,86268.0,22500.0,47
102,457907.0,394561.0,63346.0,343,292,51,0.1383381341626135,0.5132599717421414,0.11672412946578864,0.19825503021567847,0.2574084764811674,0.28286830076849623,0,0,0.0,0,0,0,0.01923828125,85431.0,0.0,48,0.000146484375,30128.0,0.0,21,0.000146484375,28756.0,0.0,21,0.00068359375,59454.0,0.0,42,0.5132599717421414,108858.0,46462.0,48,0.000146484375,28756.0,0.0,21,0.0006347656249999999,31628.0,0.0,22,0.3995369702341677,84896.0,16884.0,48
103,472039.0,400521.0,71518.0,346,293,53,0.15150866771601468,0.5227752862297982,0.11962314146330902,0.20248851614259686,0.2587120032620043,0.28900127955529054,0,0,0.0,0,0,0,0.021484375,87010.0,0.0,48,0.000390625,30128.0,0.0,20,0.000390625,30128.0,0.0,20,0.0005859375,59552.0,0.0,44,0.5227752862297982,119307.0,53134.0,48,0.000146484375,31500.0,0.0,21,0.00043945312499999996,31433.0,0.0,24,0.410772345476674,82981.0,18384.0,49
104,454099.0,382683.0,71416.0,348,295,53,0.157269670270139,0.5213768083960754,0.12177040855496099,0.20491660015420524,0.2609703221945876,0.2948203475453588,0,0,0.0,0,0,0,0.02431640625,82008.0,0.0,49,0.00029296875,26012.0,0.0,21,0.000146484375,30000.0,0.0,21,0.0005859375,60256.0,0.0,42,0.5213768083960754,113291.0,50160.0,47,0.000390625,29494.0,0.0,22,0.00029296875,29292.0,0.0,29,0.4267610694186125,83746.0,21256.0,48
105,463530.0,386262.0,77268.0,353,296,57,0.16669471231635458,0.5308058752446482,0.12479416059028006,0.209289180950739,0.26228951385971944,0.3015948266563111,0,0,0.0,0,0,0,0.026708984374999998,86580.0,0.0,48,0.000146484375,27256.0,0.0,21,0.000146484375,31074.0,0.0,23,0.0010742187499999999,61870.0,0.0,47,0.5308058752446482,117387.0,54256.0,49,0.000146484375,27256.0,0.0,21,0.0005371093749999999,29378.0,0.0,24,0.4387876438525923,82729.0,23012.0,48
106,464161.0,388927.0,75234.0,352,296,56,0.16208600033178108,0.5214945106569174,0.1221933831573875,0.20459803255013992,0.2629126264650305,0.30786865979692357,0,0,0.0,0,0,0,0.028955078125000002,85296.0,0.0,49,0.000146484375,27384.0,0.0,21,0.000146484375,30237.0,0.0,24,0.00043945312499999996,58884.0,0.0,45,0.5214945106569174,121400.0,53850.0,49,0.000146484375,28935.0,0.0,22,0.000146484375,27413.0,0.0,27,0.4260720858521826,84612.0,21384.0,48
107,467575.0,399179.0,68396.0,354,302,52,0.14627813719724078,0.5296985426180643,0.12018886293465399,0.20171462623342312,0.26200389283946346,0.27706437469924583,0,0,0.0,0,0,0,0.031298828125,86268.0,0.0,47,0.000146484375,30128.0,0.0,21,0.000146484375,30546.0,0.0,25,0.00029296875,57512.0,0.0,43,0.5296985426180643,112225.0,51512.0,48,0.000390625,34449.0,0.0,26,0.000146484375,31551.0,0.0,25,0.3993904858591677,84896.0,16884.0,48
108,477557.0,401225.0,76332.0,350,296,54,0.15983851142376687,0.5331025017250361,0.1249492566520578,0.2078290272036892,0.26549201571292813,0.2874041737426105,0,0,0.0,0,0,0,0.033398437499999996,88001.0,0.0,49,0.000390625,30128.0,0.0,20,0.000390625,32565.0,0.0,22,0.0017578125,66315.0,0.0,44,0.5331025017250361,115396.0,53832.0,49,0.000146484375,30128.0,0.0,22,0.000146484375,28756.0,0.0,21,0.4302610827414264,86268.0,22500.0,48
109,474858.0,405346.0,69512.0,353,303,50,0.14638481398649672,0.518515039866144,0.1203734080742351,0.19946617883962792,0.2669618281183106,0.3101142867973159,0,0,0.0,0,0,0,0.0373046875,97264.0,0.0,50,0.00029296875,28756.0,0.0,21,0.00029296875,27840.0,0.0,23,0.0008789062499999999,58218.0,0.0,46,0.518515039866144,117628.0,51384.0,50,0.000390625,31500.0,0.0,20,0.000390625,27384.0,0.0,20,0.4049214434777368,86268.0,18128.0,50
110,471975.0,402463.0,69512.0,351,301,50,0.14727898723449304,0.5118778409339703,0.12222001320190205,0.20133343492259315,0.26927988309591,0.28270644631601205,0,0,0.0,0,0,0,0.039794921875,88284.0,0.0,49,0.00029296875,30128.0,0.0,21,0.00029296875,33088.0,0.0,26,0.0005859375,57833.0,0.0,46,0.5118778409339703,114179.0,48384.0,49,0.00029296875,35067.0,0.0,26,0.000146484375,28628.0,0.0,21,0.4244760146812462,84768.0,21128.0,47
111,465817.0,396433.0,69384.0,352,303,49,0.14895119757329564,0.5192808722500237,0.12170737503306453,0.2004243100632368,0.26940683129477716,0.29716256598621316,0,0,0.0,0,0,0,0.042333984374999994,85092.0,0.0,47,0.000146484375,28628.0,0.0,21,0.000146484375,25788.0,0.0,25,0.000830078125,64615.0,0.0,50,0.5192808722500237,116717.0,51256.0,48,0.000146484375,29329.0,0.0,26,0.000390625,33752.0,0.0,23,0.4103839873894926,81896.0,18128.0,49
112,464966.0,389582.0,75384.0,348,295,53,0.16212798355148514,0.5391655415241503,0.12385331250773964,0.20426996400226674,0.26880594963395493,0.308818816859727,0,0,0.0,0,0,0,0.04619140625,84190.0,0.0,47,0.000146484375,27384.0,0.0,21,0.000146484375,29058.0,0.0,22,0.00029296875,60846.0,0.0,47,0.5391655415241503,119140.0,57000.0,45,0.000146484375,26012.0,0.0,21,0.000146484375,30696.0,0.0,24,0.4045906460377669,87640.0,18384.0,48
113,470198.0,403174.0,67024.0,346,294,52,0.142544204781815,0.5068602541471593,0.11960339427136517,0.19488461533115017,0.27359617409102366,0.30042928723644047,0,0,0.0,0,0,0,0.05029296875,86480.0,0.0,46,0.000146484375,31500.0,0.0,21,0.000146484375,30128.0,0.0,21,0.0005371093749999999,57512.0,0.0,41,0.5068602541471593,120798.0,50012.0,48,0.000146484375,30128.0,0.0,21,0.000146484375,27384.0,0.0,21,0.3985508843987621,86268.0,17012.0,47
114,473155.0,404503.0,68652.0,345,291,54,0.1450941023554646,0.510149065574586,0.12338828860343022,0.2000698372197069,0.2755466192419537,0.2838665447897619,0,0,0.0,0,0,0,0.052880859375,90154.0,0.0,46,0.000146484375,30128.0,0.0,21,0.000146484375,30983.0,0.0,23,0.00043945312499999996,61174.0,0.0,44,0.510149065574586,112820.0,47396.0,46,0.000146484375,30128.0,0.0,21,0.000146484375,31500.0,0.0,21,0.42305099325285594,86268.0,21256.0,47
115,471889.0,404133.0,67756.0,344,297,47,0.143584614178334,0.5145710928319606,0.12051559491762068,0.19535830566732976,0.2756560712307413,0.30522034842939716,0,0,0.0,0,0,0,0.054736328125,87640.0,0.0,47,0.000390625,30128.0,0.0,20,0.000390625,27936.0,0.0,21,0.0014160156250000002,59149.0,0.0,45,0.5145710928319606,119140.0,51128.0,49,0.000390625,28756.0,0.0,20,0.000146484375,28756.0,0.0,21,0.392082963384005,90384.0,16628.0,50
116,464445.0,396305.0,68140.0,342,292,50,0.14671274316657484,0.527209724597049,0.12417677633311293,0.20106114098608796,0.27611686570398464,0.3063874624551881,0,0,0.0,0,0,0,0.057812499999999996,94859.0,0.0,47,0.00029296875,23268.0,0.0,21,0.00029296875,30658.0,0.0,22,0.000732421875,63352.0,0.0,48,0.527209724597049,109986.0,50012.0,48,0.000146484375,28628.0,0.0,21,0.000146484375,28926.0,0.0,21,0.40678065794285456,84768.0,18128.0,50
117,449352.0,381084.0,68268.0,333,282,51,0.15192543929925725,0.5370610809951896,0.12450074380528228,0.20214820351556326,0.2750043302349212,0.29008995175274577,0,0,0.0,0,0,0,0.059375,84319.0,0.0,49,0.000146484375,30000.0,0.0,21,0.000146484375,25884.0,0.0,21,0.00029296875,54640.0,0.0,44,0.5370610809951896,108513.0,51512.0,46,0.000146484375,28756.0,0.0,21,0.000146484375,32600.0,0.0,24,0.39869096319706876,84640.0,16756.0,49
118,448251.0,382727.0,65524.0,339,288,51,0.1461770302799098,0.5328302051697271,0.12430227486793613,0.20088618343012957,0.27686930674562116,0.29342907210469105,0,0,0.0,0,0,0,0.06240234374999999,88299.0,0.0,46,0.000146484375,28756.0,0.0,21,0.000146484375,26652.0,0.0,22,0.00029296875,56716.0,0.0,43,0.5328302051697271,104048.0,48512.0,48,0.000146484375,26012.0,0.0,21,0.000146484375,31500.0,0.0,21,0.39830674377376196,86268.0,17012.0,48
119,467881.0,386798.0,81083.0,351,293,58,0.1732983386801341,0.5401812611567463,0.13268568444254364,0.2129874323358052,0.27958920254504027,0.29895235113201823,0,0,0.0,0,0,0,0.064306640625,92393.0,0.0,51,0.000146484375,28756.0,0.0,21,0.000146484375,33748.0,0.0,25,0.0005371093749999999,58884.0,0.0,41,0.5401812611567463,112565.0,54083.0,47,0.000146484375,27384.0,0.0,21,0.000146484375,27570.0,0.0,22,0.45587452688360286,86581.0,27000.0,47
120,472738.0,400501.0,72237.0,359,304,55,0.15280557095050504,0.5271375283899712,0.12579548423451012,0.20145043767049434,0.2805425712006801,0.3055677775004333,0,0,0.0,0,0,0,0.0669921875,93227.0,0.0,50,0.000146484375,28756.0,0.0,21,0.000146484375,33425.0,0.0,29,0.00043945312499999996,58884.0,0.0,42,0.5271375283899712,118880.0,53981.0,49,0.000146484375,24640.0,0.0,21,0.000390625,32774.0,0.0,24,0.4109646267361098,82152.0,18256.0,49
121,464485.0,393114.0,71371.0,348,296,52,0.15365619987728313,0.5216492116570622,0.12653781190477592,0.20132728717850776,0.283172004735524,0.2988446882030633,0,0,0.0,0,0,0,0.06972656249999999,88732.0,0.0,47,0.000390625,27384.0,0.0,20,0.000390625,30128.0,0.0,20,0.00068359375,58210.0,0.0,46,0.5216492116570622,113339.0,50243.0,50,0.000390625,28756.0,0.0,20,0.00029296875,28924.0,0.0,23,0.41877828358114505,89012.0,21128.0,47
122,467942.0,404174.0,63768.0,341,293,48,0.1362732988276322,0.49621584991796674,0.12262722202539819,0.19367081186298934,0.28617758516036756,0.2964186800928317,0,0,0.0,0,0,0,0.07236328125,90206.0,0.0,47,0.00029296875,30128.0,0.0,21,0.000146484375,28628.0,0.0,21,0.00043945312499999996,60694.0,0.0,44,0.49621584991796674,112152.0,44012.0,50,0.00029296875,27384.0,0.0,21,0.00029296875,29738.0,0.0,25,0.4109738012852187,89012.0,19756.0,48
123,445391.0,378879.0,66512.0,332,284,48,0.14933395600719335,0.5221849662577285,0.12547366606750895,0.19904972033020069,0.28436381069739325,0.30539430522843936,0,0,0.0,0,0,0,0.075,88538.0,0.0,49,0.000146484375,27256.0,0.0,21,0.000146484375,28756.0,0.0,21,0.00029296875,54640.0,0.0,42,0.5221849662577285,111896.0,49756.0,47,0.000146484375,30000.0,0.0,21,0.000146484375,25281.0,0.0,23,0.4057254560323432,79024.0,16756.0,49
124,460935.0,389795.0,71140.0,344,292,52,0.1543384642086191,0.5139927455357124,0.12723651861542315,0.2004516884191702,0.28719404805165577,0.30369873192532526,0,0,0.0,0,0,0,0.07763671875,87714.0,0.0,48,0.000146484375,30128.0,0.0,21,0.000146484375,29387.0,0.0,23,0.0005371093749999999,57441.0,0.0,43,0.5139927455357124,116396.0,49884.0,49,0.000146484375,28756.0,0.0,21,0.000146484375,26217.0,0.0,22,0.4251396377626729,84896.0,21256.0,46
125,463686.0,386930.0,76756.0,345,292,53,0.16553443494088638,0.5417615766600863,0.13060405181291831,0.2066382332712276,0.28544742493898273,0.30209290338720574,0,0,0.0,0,0,0,0.079541015625,89012.0,0.0,48,0.000146484375,26012.0,0.0,21,0.000146484375,28756.0,0.0,21,0.00029296875,56784.0,0.0,46,0.5417615766600863,115024.0,55628.0,45,0.000146484375,28756.0,0.0,21,0.0006347656249999999,33074.0,0.0,25,0.42216263471826027,86268.0,21128.0,49
126,460635.0,388607.0,72028.0,347,293,54,0.15636675458877386,0.5332952213561335,0.13033149141724842,0.20497866513882881,0.28789090327958217,0.28535418498377196,0,0,0.0,0,0,0,0.082958984375,86268.0,0.0,43,0.000146484375,26012.0,0.0,21,0.000146484375,31500.0,0.0,21,0.0005371093749999999,59012.0,0.0,42,0.5332952213561335,105808.0,49400.0,49,0.000146484375,31500.0,0.0,21,0.00029296875,30151.0,0.0,29,0.42512819435685384,90384.0,22628.0,46
127,467974.0,400645.0,67329.0,342,290,52,0.14387337758080546,0.5047634252781233,0.12487019822813145,0.1945065085713503,0.29185708474234395,0.3070688756212949,0,0,0.0,0,0,0,0.08515625,87640.0,0.0,46,0.000390625,30128.0,0.0,20,0.000390625,28756.0,0.0,20,0.000927734375,56600.0,0.0,42,0.5047634252781233,119573.0,48945.0,47,0.000390625,24640.0,0.0,20,0.00029296875,34369.0,0.0,24,0.40664933242192813,86268.0,18384.0,47
128,456048.0,389192.0,66856.0,341,293,48,0.14659860365575522,0.5165428679340281,0.12446732997199947,0.19447626007262145,0.29058783028572316,0.3180608181594917,0,0,0.0,0,0,0,0.087158203125,81896.0,0.0,46,0.000146484375,23140.0,0.0,21,0.000146484375,28628.0,0.0,21,0.00146484375,60624.0,0.0,45,0.5165428679340281,119145.0,51600.0,48,0.0,24512.0,0.0,22,0.00029296875,33335.0,0.0,26,0.3899867874669676,84768.0,15256.0,50
129,452240.0,380844.0,71396.0,337,283,54,0.157871926410755,0.519256120063655,0.130073853385614,0.20254262354112074,0.2919988367452373,0.3001100079603747,0,0,0.0,0,0,0,0.089111328125,90256.0,0.0,48,0.000146484375,27384.0,0.0,21,0.000146484375,28619.0,0.0,22,0.00029296875,50396.0,0.0,46,0.519256120063655,111064.0,48768.0,47,0.000244140625,29047.0,0.0,21,0.000146484375,29462.0,0.0,27,0.4312468163962571,86012.0,22628.0,47
130,473058.0,405046.0,68012.0,346,297,49,0.14377095409019583,0.5125673416712841,0.12722013287090117,0.1972874536091645,0.2936990515801397,0.27701782868062663,0,0,0.0,0,0,0,0.09189453125,85414.0,0.0,48,0.000146484375,31500.0,0.0,21,0.000146484375,31500.0,0.0,21,0.00029296875,59012.0,0.0,43,0.5125673416712841,113652.0,48384.0,49,0.000146484375,30719.0,0.0,22,0.0006347656249999999,33621.0,0.0,25,0.41193200254592527,87640.0,19628.0,48
131,473422.0,404294.0,69128.0,354,307,47,0.14601771780779063,0.5096915807883914,0.12650519165377516,0.19541171236515106,0.2953269974190506,0.30003992209909947,0,0,0.0,0,0,0,0.094873046875,86607.0,0.0,48,0.000146484375,27384.0,0.0,21,0.000146484375,30833.0,0.0,23,0.001025390625,58241.0,0.0,41,0.5096915807883914,121884.0,51128.0,48,0.000146484375,28756.0,0.0,21,0.000146484375,34821.0,0.0,33,0.4058655774418099,84896.0,18000.0,51
132,476684.0,407172.0,69512.0,346,296,50,0.14582406793599084,0.49141425104760583,0.12936783016717826,0.19851652173702838,0.2980867702433973,0.2852974926785876,0,0,0.0,0,0,0,0.0966796875,86268.0,0.0,48,0.000146484375,27384.0,0.0,21,0.000146484375,29736.0,0.0,23,0.00043945312499999996,60256.0,0.0,44,0.49141425104760583,115024.0,44012.0,50,0.000390625,31855.0,0.0,21,0.000390625,38521.0,0.0,27,0.44533503091482035,87640.0,25500.0,46
133,470050.0,394012.0,76038.0,356,302,54,0.16176576959897848,0.52396503138539,0.1322187049883003,0.2036274498129805,0.29657327731812005,0.2945670673332621,0,0,0.0,0,0,0,0.099365234375,88719.0,0.0,48,0.000390625,31500.0,0.0,20,0.000146484375,32427.0,0.0,33,0.00068359375,53396.0,0.0,41,0.52396503138539,119445.0,53538.0,48,0.00029296875,27794.0,0.0,22,0.00029296875,31873.0,0.0,24,0.43261273352101237,84896.0,22500.0,47
134,454383.0,388172.0,66211.0,339,286,53,0.1457162789981136,0.5059764830536806,0.12711617918100482,0.19495537641916347,0.2983141946785809,0.29935346392800755,0,0,0.0,0,0,0,0.1013671875,81012.0,0.0,47,0.000146484375,27256.0,0.0,21,0.000146484375,32932.0,0.0,27,0.00029296875,57256.0,0.0,42,0.5059764830536806,116775.0,48083.0,48,0.000146484375,28628.0,0.0,21,0.000146484375,27256.0,0.0,21,0.4087068566443579,83268.0,18128.0,49
135,453445.0,385561.0,67884.0,343,295,48,0.14970724123101997,0.5169476436235013,0.13037933804528912,0.19953665163892795,0.2992022628584423,0.28975427008788235,0,0,0.0,0,0,0,0.105517578125,86206.0,0.0,47,0.000146484375,28756.0,0.0,21,0.000146484375,29411.0,0.0,24,0.00029296875,54768.0,0.0,42,0.5169476436235013,107908.0,46884.0,50,0.000146484375,31500.0,0.0,21,0.000146484375,27384.0,0.0,21,0.4196905763638116,87512.0,21000.0,49
136,460924.0,393630.0,67294.0,354,305,49,0.14599803872221853,0.5124142269665113,0.13045603936572187,0.19836644621333227,0.3019225552929713,0.30468960175647153,0,0,0.0,0,0,0,0.1103515625,96944.0,0.0,47,0.000146484375,27384.0,0.0,21,0.000146484375,30617.0,0.0,23,0.0005371093749999999,54625.0,0.0,43,0.5124142269665113,108946.0,46294.0,49,0.000146484375,27384.0,0.0,21,0.000146484375,27384.0,0.0,21,0.4197594785842638,87640.0,21000.0,48
137,463110.0,390598.0,72512.0,345,293,52,0.15657619140161053,0.5299296610776404,0.13221431886221682,0.2016346205606189,0.3006791219341339,0.30160275096629285,0,0,0.0,0,0,0,0.11215820312500001,90593.0,0.0,48,0.000146484375,28756.0,0.0,21,0.000146484375,28756.0,0.0,21,0.00043945312499999996,55765.0,0.0,44,0.5299296610776404,114649.0,52756.0,49,0.000390625,30939.0,0.0,21,0.000146484375,27384.0,0.0,21,0.4143571554450942,86268.0,19756.0,48
138,469790.0,397406.0,72384.0,355,304,51,0.15407735371123235,0.5229033315873189,0.13174453006741493,0.19971015086091187,0.30322133235417,0.3097096575065452,0,0,0.0,0,0,0,0.11494140625,89172.0,0.0,49,0.000146484375,27384.0,0.0,21,0.000146484375,25021.0,0.0,23,0.00043945312499999996,58884.0,0.0,42,0.5229033315873189,115024.0,51256.0,47,0.000146484375,28575.0,0.0,25,0.0013671875,33073.0,0.0,22,0.4138654089520005,92657.0,21128.0,51
139,468428.0,404276.0,64152.0,352,301,51,0.13695167667176145,0.5087711317512031,0.12959641834001312,0.19531083196902593,0.30569270082366956,0.2734667867847349,0,0,0.0,0,0,0,0.11796875,88822.0,0.0,49,0.000146484375,31500.0,0.0,21,0.000390625,30729.0,0.0,21,0.00043945312499999996,56140.0,0.0,42,0.5087711317512031,109536.0,45768.0,49,0.000390625,30324.0,0.0,22,0.00029296875,36481.0,0.0,32,0.40837130871890187,84896.0,18384.0,47
140,453066.0,385054.0,68012.0,343,294,49,0.15011499428339325,0.5178591915264306,0.1320668487860825,0.19915696008029665,0.3054304798985823,0.28768049246688077,0,0,0.0,0,0,0,0.119189453125,83855.0,0.0,51,0.000390625,30128.0,0.0,20,0.00029296875,27033.0,0.0,23,0.00043945312499999996,53636.0,0.0,42,0.5178591915264306,111094.0,48384.0,48,0.000146484375,28628.0,0.0,21,0.0005371093749999999,35296.0,0.0,26,0.4176795050122294,83396.0,19628.0,48
141,446614.0,383665.0,62949.0,337,288,49,0.14094721616429368,0.4956173214874652,0.12980035772740764,0.19429852553598528,0.3085735799653013,0.294919102401626,0,0,0.0,0,0,0,0.1220703125,86752.0,0.0,49,0.000146484375,28628.0,0.0,21,0.000146484375,28740.0,0.0,24,0.00029296875,53268.0,0.0,42,0.4956173214874652,109152.0,42768.0,49,0.000146484375,28756.0,0.0,21,0.000146484375,27321.0,0.0,24,0.4198363215817961,83997.0,20181.0,50
142,464433.0,387293.0,77140.0,348,292,56,0.16609500186248574,0.5123343698489742,0.13662826785759133,0.20469898753752072,0.3081988506575807,0.30913204918685766,0,0,0.0,0,0,0,0.12529296875,88975.0,0.0,46,0.000146484375,28756.0,0.0,21,0.000146484375,30128.0,0.0,21,0.0005371093749999999,56149.0,0.0,43,0.5123343698489742,114510.0,48640.0,48,0.000146484375,26012.0,0.0,21,0.000146484375,27711.0,0.0,23,0.45427575738675635,92192.0,28500.0,47
143,468503.0,393665.0,74838.0,349,296,53,0.15973857157798316,0.5160655146887903,0.13555896467836256,0.20284298998848369,0.3087326319371605,0.29631480481448325,0,0,0.0,0,0,0,0.12700195312499998,84865.0,0.0,50,0.000146484375,28756.0,0.0,21,0.000390625,31536.0,0.0,23,0.00043945312499999996,61625.0,0.0,46,0.5160655146887903,115359.0,49884.0,49,0.000146484375,30128.0,0.0,21,0.000146484375,27384.0,0.0,21,0.44013471836311036,88850.0,24954.0,49
144,459166.0,389278.0,69888.0,355,299,56,0.15220639158822702,0.5314996065205478,0.13378434808307843,0.2005705969527277,0.30791729138901336,0.2918214763288218,0,0,0.0,0,0,0,0.13115234375,87535.0,0.0,48,0.000146484375,30128.0,0.0,21,0.000146484375,29845.0,0.0,28,0.00043945312499999996,58884.0,0.0,42,0.5314996065205478,114131.0,52876.0,47,0.000146484375,31500.0,0.0,21,0.000146484375,27384.0,0.0,21,0.4065974437690796,79759.0,17012.0,48
145,466317.0,389433.0,76884.0,357,303,54,0.16487496702886628,0.5160955069031858,0.14012252912152545,0.20802213611617812,0.31211402594203963,0.2978293199690336,0,0,0.0,0,0,0,0.135009765625,91562.0,0.0,49,0.000390625,27384.0,0.0,20,0.00087890625,33310.0,0.0,25,0.00043945312499999996,60256.0,0.0,42,0.5160955069031858,115343.0,49884.0,49,0.000146484375,29124.0,0.0,22,0.000390625,28756.0,0.0,20,0.4676288666940177,80582.0,27000.0,45
146,455178.0,379794.0,75384.0,345,292,53,0.16561433109684526,0.5183350739607648,0.13690405713986864,0.20295067284785215,0.31273469566503426,0.3198204878091644,0,0,0.0,0,0,0,0.13720703125,88001.0,0.0,47,0.000146484375,28628.0,0.0,21,0.00029296875,22341.0,0.0,25,0.00043945312499999996,53268.0,0.0,41,0.5183350739607648,117725.0,51384.0,48,0.000390625,28099.0,0.0,22,0.00029296875,30332.0,0.0,23,0.43812785190818426,86784.0,24000.0,48
147,460077.0,384807.0,75270.0,350,295,55,0.16360304905483178,0.5237105774802813,0.13948934516747433,0.20665412127994712,0.3130031335393682,0.2833365393184182,0,0,0.0,0,0,0,0.139501953125,81966.0,0.0,48,0.000146484375,28756.0,0.0,21,0.000146484375,30950.0,0.0,22,0.000927734375,61389.0,0.0,46,0.5237105774802813,108284.0,48512.0,48,0.000146484375,27831.0,0.0,22,0.000146484375,32580.0,0.0,27,0.45118855885951353,88321.0,26758.0,48
148,455344.0,378191.0,77153.0,346,292,54,0.1694389296883232,0.5283534668345933,0.13998396600100182,0.20736121470541855,0.31305641272854223,0.3113354958009764,0,0,0.0,0,0,0,0.14174804687499998,88607.0,0.0,49,0.000146484375,24640.0,0.0,21,0.000146484375,24892.0,0.0,22,0.00029296875,57512.0,0.0,45,0.5283534668345933,115209.0,52628.0,48,0.000146484375,30128.0,0.0,21,0.000146484375,32159.0,0.0,23,0.4488913080484215,82197.0,24525.0,49
149,454224.0,377212.0,77012.0,343,288,55,0.1695463031455842,0.5429833933482611,0.1374857623773983,0.20432596012478457,0.31165520693133486,0.30346260875691256,0,0,0.0,0,0,0,0.14384765624999998,77398.0,0.0,49,0.000146484375,28756.0,0.0,21,0.000146484375,29147.0,0.0,22,0.0005371093749999999,57132.0,0.0,43,0.5429833933482611,118011.0,57384.0,46,0.000146484375,28756.0,0.0,21,0.000146484375,27384.0,0.0,21,0.41193200254592527,87640.0,19628.0,48
150,453610.0,390647.0,62963.0,364,314,50,0.13880425916536202,0.49374947498524524,0.13349981468866207,0.19469433217767598,0.3198064493932406,0.3021207645334094,0,0,0.0,0,0,0,0.14848632812499998,90100.0,0.0,48,0.000146484375,28756.0,0.0,21,0.000390625,25549.0,0.0,25,0.00068359375,60368.0,0.0,45,0.49374947498524524,111418.0,43207.0,51,0.000146484375,30627.0,0.0,28,0.000146484375,27384.0,0.0,21,0.42424904252405143,79408.0,19756.0,48
151,456834.0,387194.0,69640.0,351,300,51,0.15244049260781783,0.5195929382337593,0.13518680194271107,0.1979412827502123,0.31807645042379173,0.2964233178791418,0,0,0.0,0,0,0,0.15117187499999998,80033.0,0.0,47,0.000390625,26012.0,0.0,20,0.00029296875,32942.0,0.0,26,0.0005859375,52024.0,0.0,42,0.5195929382337593,113925.0,50012.0,47,0.000390625,29310.0,0.0,22,0.0006347656249999999,32204.0,0.0,21,0.4084346804329294,90384.0,19628.0,49
152,449012.0,380556.0,68456.0,338,287,51,0.1524591770375844,0.5003948364478059,0.13733837997221435,0.19994379355561973,0.3205648979020176,0.2958651439159752,0,0,0.0,0,0,0,0.152783203125,80980.0,0.0,47,0.000146484375,27256.0,0.0,21,0.00029296875,25240.0,0.0,22,0.000830078125,60958.0,0.0,43,0.5003948364478059,110840.0,44456.0,48,0.00029296875,29956.0,0.0,23,0.000146484375,30514.0,0.0,26,0.44382001582990893,83268.0,24000.0,46
153,447187.0,378451.0,68736.0,334,283,51,0.1537075093864532,0.5195184827958181,0.13506557595014598,0.19763865675221773,0.3183510729289596,0.3103083832937894,0,0,0.0,0,0,0,0.154248046875,84768.0,0.0,50,0.000146484375,30128.0,0.0,21,0.000146484375,26478.0,0.0,22,0.00029296875,52135.0,0.0,44,0.5195184827958181,115408.0,50736.0,47,0.000146484375,27256.0,0.0,21,0.000146484375,26246.0,0.0,22,0.4058791716803498,84768.0,18000.0,50
154,445324.0,377708.0,67616.0,342,291,51,0.1518355175108457,0.5247433591811429,0.13591325820800337,0.19867111794011272,0.3188052518964057,0.2931410613396086,0,0,0.0,0,0,0,0.157470703125,85511.0,0.0,47,0.000146484375,30128.0,0.0,21,0.000146484375,30128.0,0.0,21,0.00029296875,47908.0,0.0,42,0.5247433591811429,112842.0,50732.0,49,0.000146484375,27384.0,0.0,21,0.000146484375,30643.0,0.0,22,0.4042130971078843,80780.0,16884.0,49
155,457123.0,391343.0,65780.0,347,294,53,0.1439000006562782,0.5118244150958975,0.13559284322085283,0.19689003801526542,0.32169839482348694,0.2865095936979758,0,0,0.0,0,0,0,0.15986328125,85231.0,0.0,48,0.000146484375,28756.0,0.0,21,0.000146484375,28756.0,0.0,21,0.0005371093749999999,57512.0,0.0,41,0.5118244150958975,108864.0,46152.0,50,0.000146484375,30236.0,0.0,25,0.000146484375,30128.0,0.0,21,0.41193200254592527,87640.0,19628.0,48
156,470552.0,392168.0,78384.0,343,288,55,0.1665788265696455,0.5342537548506686,0.1398443754681616,0.20392353046896894,0.31985684860230085,0.31900459460378405,0,0,0.0,0,0,0,0.16235351562499997,92012.0,0.0,48,0.000146484375,27384.0,0.0,21,0.000146484375,28756.0,0.0,21,0.00043945312499999996,58005.0,0.0,43,0.5342537548506686,121987.0,57128.0,48,0.000146484375,26012.0,0.0,21,0.000146484375,28756.0,0.0,21,0.42112234264462434,87640.0,21256.0,47
157,473009.0,398748.0,74261.0,345,291,54,0.15699701274182912,0.5311878019790051,0.13918442555055296,0.2020465331073481,0.32182523869929214,0.29724777964055615,0,0,0.0,0,0,0,0.16557617187499998,89812.0,0.0,46,0.000146484375,30128.0,0.0,21,0.000390625,28756.0,0.0,20,0.00068359375,59722.0,0.0,42,0.5311878019790051,116122.0,53726.0,49,0.000390625,30128.0,0.0,20,0.000390625,28756.0,0.0,20,0.41470947742541875,89585.0,20535.0,49
158,450124.0,376826.0,73298.0,339,285,54,0.16283957309541336,0.535418021558135,0.14123415128653735,0.20503130807218597,0.32180544219735663,0.2908792910398019,0,0,0.0,0,0,0,0.16777343749999998,81468.0,0.0,47,0.000146484375,27256.0,0.0,20,0.00029296875,30128.0,0.0,21,0.00043945312499999996,57700.0,0.0,43,0.535418021558135,110734.0,52170.0,47,0.000146484375,31707.0,0.0,25,0.000146484375,27256.0,0.0,21,0.4255098762341639,83875.0,21128.0,50
159,459668.0,395772.0,63896.0,352,303,49,0.1390046729378592,0.5064250989432866,0.1347679852236567,0.19372264958844487,0.3261290094616888,0.2910693152449155,0,0,0.0,0,0,0,0.170263671875,79702.0,0.0,46,0.000146484375,30128.0,0.0,21,0.000146484375,25789.0,0.0,23,0.00029296875,57512.0,0.0,43,0.5064250989432866,110780.0,45768.0,47,0.0006347656249999999,36034.0,0.0,32,0.000146484375,29339.0,0.0,24,0.4000879234709672,90384.0,18128.0,49
160,451907.0,393627.0,58280.0,339,291,48,0.1289645878466142,0.5011453412357648,0.13295048438243762,0.19078569476755067,0.32687613805742305,0.2816107628339455,0,0,0.0,0,0,0,0.17177734375,84896.0,0.0,50,0.000146484375,30128.0,0.0,21,0.000146484375,27384.0,0.0,21,0.00029296875,56140.0,0.0,42,0.5011453412357648,106792.0,43024.0,49,0.000146484375,31292.0,0.0,24,0.000146484375,30379.0,0.0,23,0.3898022838237363,84896.0,15256.0,50
161,451515.0,380247.0,71268.0,352,300,52,0.15784193216172185,0.5089831644683528,0.13964162592054563,0.20005478414609348,0.32760797440470224,0.3127750462332366,0,0,0.0,0,0,0,0.173681640625,83041.0,0.0,52,0.000146484375,27384.0,0.0,21,0.000390625,27601.0,0.0,25,0.0012695312499999998,59559.0,0.0,45,0.5089831644683528,116652.0,48768.0,47,0.000146484375,24640.0,0.0,21,0.000146484375,27742.0,0.0,22,0.43236859289601237,84896.0,22500.0,48
162,469948.0,400659.0,69289.0,345,294,51,0.14743971673461714,0.5230087006005251,0.1369324734736991,0.197113782410615,0.32550499656290405,0.30943423527709424,0,0,0.0,0,0,0,0.175830078125,91756.0,0.0,49,0.000146484375,28756.0,0.0,21,0.000146484375,27384.0,0.0,22,0.0005859375,60438.0,0.0,49,0.5230087006005251,117834.0,52533.0,49,0.000146484375,27384.0,0.0,21,0.000146484375,28756.0,0.0,21,0.39544913406406784,87640.0,16756.0,50
163,467603.0,396591.0,71012.0,344,293,51,0.15186386742599994,0.5140864960282416,0.13966395485430236,0.19955857060588658,0.32877359725400823,0.29741174671676585,0,0,0.0,0,0,0,0.179345703125,89039.0,0.0,45,0.000390625,28756.0,0.0,20,0.000146484375,30128.0,0.0,21,0.00043945312499999996,55779.0,0.0,44,0.5140864960282416,113300.0,48512.0,49,0.000390625,29522.0,0.0,21,0.000390625,28884.0,0.0,21,0.4221216271811772,92195.0,22500.0,49
164,442332.0,377064.0,65268.0,339,290,49,0.14755432571009977,0.5060641246535301,0.13989797147315236,0.19911143503113965,0.3305048641585798,0.29316158451118124,0,0,0.0,0,0,0,0.182275390625,85722.0,0.0,47,0.00029296875,28756.0,0.0,21,0.000146484375,27256.0,0.0,20,0.00068359375,56008.0,0.0,43,0.5060641246535301,106792.0,44012.0,51,0.000146484375,27256.0,0.0,21,0.000146484375,28427.0,0.0,22,0.42942824088168874,82115.0,21256.0,46
165,456723.0,392955.0,63768.0,345,297,48,0.13962073291688806,0.5023226563691501,0.13876934203528332,0.1969131733795484,0.3318345136559232,0.2931018910805889,0,0,0.0,0,0,0,0.185205078125,90180.0,0.0,47,0.000146484375,27256.0,0.0,21,0.000146484375,29518.0,0.0,23,0.0005859375,61131.0,0.0,47,0.5023226563691501,104908.0,42512.0,50,0.000146484375,26012.0,0.0,21,0.000146484375,30423.0,0.0,23,0.4214551267881165,87295.0,21256.0,50
166,455825.0,394929.0,60896.0,343,296,47,0.13359512970986642,0.499521987325642,0.13597286779428563,0.19245610943543467,0.33296047309239907,0.29466105413261623,0,0,0.0,0,0,0,0.187890625,86250.0,0.0,46,0.000146484375,30128.0,0.0,21,0.000390625,28921.0,0.0,23,0.00029296875,60849.0,0.0,45,0.499521987325642,110908.0,44268.0,48,0.000146484375,26012.0,0.0,21,0.000146484375,29233.0,0.0,22,0.3992472831536432,83524.0,16628.0,51
167,461389.0,397493.0,63896.0,343,294,49,0.13848617977455002,0.4999927724689627,0.13641436202498314,0.19281015993458253,0.33358428979008314,0.30530609745789317,0,0,0.0,0,0,0,0.18994140625,86840.0,0.0,48,0.000146484375,26012.0,0.0,21,0.000146484375,29915.0,0.0,26,0.0005371093749999999,59818.0,0.0,43,0.4999927724689627,117768.0,47140.0,48,0.000146484375,28756.0,0.0,21,0.000146484375,28756.0,0.0,21,0.4002576706059025,83524.0,16756.0,49
168,448035.0,385511.0,62524.0,341,292,49,0.13955159753144256,0.506516936105933,0.13846218981598263,0.19551064232700843,0.33402527670686416,0.291709632059995,0,0,0.0,0,0,0,0.19350585937499998,85183.0,0.0,47,0.000146484375,30128.0,0.0,21,0.000146484375,24640.0,0.0,21,0.00043945312499999996,54768.0,0.0,42,0.506516936105933,106792.0,44140.0,50,0.000146484375,30128.0,0.0,21,0.000390625,30128.0,0.0,20,0.40640519179692813,86268.0,18384.0,48
169,474377.0,406237.0,68140.0,340,290,50,0.14364102812741736,0.52867432075503,0.14040640280745006,0.19925865341121166,0.3317844467971704,0.2873434525704237,0,0,0.0,0,0,0,0.19560546874999998,91981.0,0.0,48,0.000390625,30128.0,0.0,20,0.000390625,28756.0,0.0,20,0.00068359375,62407.0,0.0,42,0.52867432075503,112280.0,51384.0,47,0.000390625,31500.0,0.0,20,0.000146484375,31057.0,0.0,23,0.39696947982957065,86268.0,16756.0,50
170,455543.0,390531.0,65012.0,337,290,47,0.1427132016077513,0.5035686212966491,0.13888636944067914,0.19544066754056527,0.3355471448864394,0.2925687037228095,0,0,0.0,0,0,0,0.196875,83293.0,0.0,51,0.000146484375,28628.0,0.0,21,0.00029296875,29498.0,0.0,23,0.0005859375,57512.0,0.0,42,0.5035686212966491,114896.0,46756.0,49,0.000146484375,28625.0,0.0,23,0.000146484375,29823.0,0.0,23,0.40932897485378406,83268.0,18256.0,48
171,458735.0,388967.0,69768.0,344,292,52,0.15208780668577687,0.5281361599520786,0.1432147026580161,0.20245383478675236,0.33351408108637143,0.2938256836735802,0,0,0.0,0,0,0,0.20107421874999998,91317.0,0.0,48,0.000146484375,28756.0,0.0,21,0.00029296875,27497.0,0.0,25,0.00029296875,55884.0,0.0,42,0.5281361599520786,109820.0,50140.0,46,0.000146484375,30128.0,0.0,21,0.000146484375,30565.0,0.0,22,0.41548185193705034,84768.0,19628.0,48
172,481758.0,401490.0,80268.0,350,291,59,0.16661477339244982,0.554874818120433,0.14539732042225245,0.20715446885745337,0.3300433031515978,0.3019093611315222,0,1,0.0,0,0,0,0.203076171875,94304.0,0.0,50,0.000146484375,31500.0,0.0,21,0.000146484375,33096.0,0.0,24,0.0005371093749999999,54768.0,0.0,41,0.554874818120433,121582.0,62012.0,45,0.000146484375,27384.0,0.0,21,0.000146484375,31484.0,0.0,23,0.4041045265075867,87640.0,18256.0,48
173,464638.0,399950.0,33512.0,348,299,26,0.0721249661026432,0.39471887390888755,0.12193217565913002,0.16531999907079448,0.35232475343339786,0.3173449007614526,0,1,0.0,0,0,0,0.207275390625,94619.0,0.0,47,0.000146484375,27384.0,0.0,21,0.000146484375,26012.0,0.0,21,0.00029296875,56140.0,0.0,43,0.3725842344891527,116072.0,16884.0,49,0.000146484375,26012.0,0.0,21,0.000146484375,30759.0,0.0,23,0.39471887390888755,87640.0,16628.0,51
174,462867.0,397735.0,37481.0,361,310,29,0.08097574465235137,0.3992928296091677,0.12583268111559398,0.17067684115056297,0.3521418459787113,0.3026163563183373,1,0,58827.0,45,0,0,0.212255859375,97543.0,0.0,49,0.000146484375,27384.0,0.0,21,0.000146484375,27384.0,0.0,21,0.0005371093749999999,57373.0,0.0,44,0.39398971306558417,109400.0,20597.0,49,0.000146484375,28756.0,0.0,21,0.000146484375,30131.0,0.0,25,0.3992928296091677,84896.0,16884.0,49
175,483034.0,440906.0,42128.0,364,335,29,0.08721539270527523,0.4262409690020713,0.13233296685725976,0.17884940281248138,0.353784330894791,0.21756750042440043,0,0,0.0,0,0,0,0.214208984375,88985.0,0.0,48,0.0060058593749999995,53396.0,0.0,47,0.000390625,39311.0,0.0,36,0.00068359375,59012.0,0.0,43,0.4262409690020713,89012.0,22500.0,48,0.000390625,30256.0,0.0,21,0.000390625,34050.0,0.0,24,0.41035245335600695,89012.0,19628.0,48
176,448853.0,410713.0,38140.0,345,315,30,0.08497214009931964,0.4351334257094138,0.13164107701768518,0.1779929609895914,0.35358225839236607,0.22521543801645483,0,0,0.0,0,0,0,0.21689453125,84542.0,0.0,50,0.005126953125,51110.0,0.0,47,0.00029296875,32130.0,0.0,22,0.00029296875,55884.0,0.0,42,0.4351334257094138,83634.0,22628.0,47,0.00029296875,30496.0,0.0,22,0.0005371093749999999,29033.0,0.0,25,0.3945576904320675,82024.0,15512.0,48
177,472274.0,415553.0,56721.0,355,313,42,0.12010189000453102,0.4668818051329122,0.14183198274201866,0.1941543557224798,0.34795947158860163,0.2546868978601402,0,0,0.0,0,0,0,0.219921875,88033.0,0.0,49,0.004248046875,54768.0,0.0,48,0.000146484375,25884.0,0.0,21,0.00029296875,61628.0,0.0,42,0.44287171305323714,94297.0,27000.0,50,0.000146484375,27869.0,0.0,22,0.000146484375,30903.0,0.0,26,0.4668818051329122,88892.0,29721.0,48
178,465674.0,427662.0,38012.0,351,322,29,0.08162791996117438,0.416815022203636,0.13143272586826787,0.17704531893868994,0.35530031415754504,0.23259512019137807,0,0,0.0,0,0,0,0.22358398437500002,89327.0,0.0,48,0.0033691406249999997,58884.0,0.0,48,0.000146484375,26012.0,0.0,21,0.00078125,56524.0,0.0,41,0.4064729566175072,84896.0,18128.0,50,0.000146484375,33725.0,0.0,25,0.000146484375,31410.0,0.0,23,0.416815022203636,84896.0,19884.0,47
179,460958.0,417986.0,42972.0,344,312,32,0.09322324376624315,0.44286976152171253,0.1353178899352064,0.18360572704830633,0.35198441664559144,0.2223993292230526,0,0,0.0,0,0,0,0.225,87640.0,0.0,48,0.002197265625,56140.0,0.0,50,0.000146484375,30128.0,0.0,21,0.00043945312499999996,52679.0,0.0,44,0.44286976152171253,86021.0,24588.0,47,0.000146484375,31939.0,0.0,22,0.000146484375,34259.0,0.0,25,0.4115971860849387,82152.0,18384.0,48
180,458866.0,420726.0,38140.0,345,315,30,0.08311794728744322,0.4344998988609443,0.13301290907398083,0.1799187960136986,0.3534019289966275,0.22390305666578003,0,0,0.0,0,0,0,0.226953125,87562.0,0.0,52,0.001025390625,58884.0,0.0,50,0.000390625,31843.0,0.0,22,0.00043945312499999996,58884.0,0.0,42,0.4344998988609443,79408.0,21384.0,46,0.000146484375,28756.0,0.0,21,0.000390625,30005.0,0.0,24,0.4002576706059025,83524.0,16756.0,49
181,461236.0,420352.0,40884.0,354,324,30,0.08864008880486327,0.4379793818922669,0.13427687204620914,0.18141990492486745,0.35392724140869064,0.2219221830039282,0,0,0.0,0,0,0,0.22998046875,81584.0,0.0,47,0.0005859375,57512.0,0.0,45,0.00029296875,28741.0,0.0,24,0.000927734375,58491.0,0.0,42,0.4379793818922669,82520.0,22756.0,47,0.000390625,28756.0,0.0,20,0.0005371093749999999,35992.0,0.0,29,0.4035207507274064,87640.0,18128.0,49
182,471270.0,424386.0,46884.0,362,328,34,0.09948437201604154,0.45608417021630854,0.13805887197023364,0.1873374208065062,0.35195373557367643,0.22783595391177003,0,0,0.0,0,0,0,0.23408203125,88776.0,0.0,49,0.00043945312499999996,54640.0,0.0,42,0.000146484375,28918.0,0.0,22,0.00043945312499999996,58795.0,0.0,47,0.45608417021630854,87230.0,27256.0,47,0.00029296875,31380.0,0.0,25,0.000146484375,34671.0,0.0,28,0.41283993054556056,86860.0,19628.0,52
183,463798.0,414274.0,49524.0,346,307,39,0.10677924441243794,0.4607659775202121,0.14021653416037055,0.1903845518261677,0.35166781644568246,0.23369387103868466,0,0,0.0,0,0,0,0.23637695312499998,86823.0,0.0,46,0.00029296875,56012.0,0.0,42,0.000146484375,31773.0,0.0,26,0.00068359375,56522.0,0.0,43,0.4607659775202121,92016.0,29640.0,46,0.000146484375,28628.0,0.0,21,0.000146484375,31500.0,0.0,21,0.4231733270127524,80524.0,19884.0,46
184,463979.0,419839.0,44140.0,348,314,34,0.095133615961067,0.43533243388791254,0.13698296064568127,0.1846861904038188,0.35489224712947715,0.23776264658529778,0,0,0.0,0,0,0,0.23940429687499998,89834.0,0.0,46,0.0005371093749999999,53396.0,0.0,41,0.000146484375,32904.0,0.0,23,0.00043945312499999996,57512.0,0.0,43,0.41971093877753773,84085.0,20140.0,48,0.000146484375,28756.0,0.0,21,0.000146484375,29013.0,0.0,22,0.43533243388791254,88479.0,24000.0,49
185,467632.0,425376.0,42256.0,345,315,30,0.09036165189721813,0.4242881179619755,0.1356268584821084,0.18211850679531275,0.3567495011320864,0.239672434735005,0,0,0.0,0,0,0,0.24233398437499998,86955.0,0.0,49,0.00043945312499999996,57512.0,0.0,42,0.000146484375,28756.0,0.0,21,0.00068359375,60673.0,0.0,43,0.4242881179619755,84896.0,21128.0,48,0.000146484375,27384.0,0.0,21,0.000146484375,31072.0,0.0,22,0.41683026551989166,90384.0,21128.0,47
186,463659.0,427403.0,36256.0,337,311,26,0.07819539791096457,0.4086173631605873,0.131957646723932,0.17622884707586214,0.3592536899175508,0.24521604239322392,0,0,0.0,0,0,0,0.243798828125,89831.0,0.0,50,0.00043945312499999996,52024.0,0.0,42,0.000146484375,28756.0,0.0,21,0.00043945312499999996,63000.0,0.0,43,0.40168248250586885,89012.0,18128.0,50,0.000146484375,30128.0,0.0,21,0.000390625,27384.0,0.0,20,0.4086173631605873,83524.0,18128.0,49
187,474100.0,430472.0,43628.0,337,307,30,0.09202278000421833,0.42270544211686295,0.13650291323203836,0.18278127776466044,0.358038328645269,0.2416968993883144,0,0,0.0,0,0,0,0.24658203124999997,89012.0,0.0,46,0.00068359375,60256.0,0.0,41,0.000390625,30412.0,0.0,21,0.00043945312499999996,57512.0,0.0,42,0.42270544211686295,91756.0,22500.0,47,0.000390625,28756.0,0.0,20,0.00029296875,28756.0,0.0,21,0.4205385668644441,87640.0,21128.0,48
188,453928.0,411672.0,42256.0,333,303,30,0.0930896529846141,0.42657449534184644,0.137870865237678,0.1848307838072086,0.35749655029429583,0.23619274422375325,0,0,0.0,0,0,0,0.24833984374999998,86012.0,0.0,47,0.00043945312499999996,57384.0,0.0,42,0.00029296875,26634.0,0.0,23,0.00043945312499999996,60128.0,0.0,41,0.42629477030957763,83452.0,21128.0,48,0.00029296875,28756.0,0.0,21,0.00029296875,28294.0,0.0,24,0.42657449534184644,83268.0,21128.0,48
189,464879.0,416210.0,48669.0,353,317,36,0.10469175850059886,0.4430026139879488,0.14147609602775355,0.1901338477548038,0.356360705437906,0.23525503410564874,0,0,0.0,0,0,0,0.25185546875,85892.0,0.0,49,0.00043945312499999996,59909.0,0.0,43,0.000146484375,28880.0,0.0,22,0.00043945312499999996,53592.0,0.0,43,0.4430026139879488,90418.0,25913.0,49,0.000146484375,28628.0,0.0,21,0.00029296875,33611.0,0.0,26,0.43548584173407956,83949.0,22756.0,45
190,482396.0,436066.0,46330.0,357,321,36,0.09604142654582522,0.44252685185437013,0.13865761565568452,0.18560197870962644,0.35819808527169744,0.23357936218376563,0,0,0.0,0,0,0,0.254052734375,88470.0,0.0,49,0.00043945312499999996,57512.0,0.0,42,0.000146484375,31889.0,0.0,22,0.00068359375,60410.0,0.0,42,0.411118839016106,90161.0,20090.0,51,0.000146484375,28756.0,0.0,21,0.000146484375,33334.0,0.0,29,0.44252685185437013,91864.0,26240.0,49
191,458354.0,422098.0,36256.0,340,314,26,0.07910043328955332,0.4158780349674708,0.13285115313015086,0.1764508109214161,0.3617848883429545,0.24671978427154517,0,0,0.0,0,0,0,0.2560546875,86753.0,0.0,49,0.00043945312499999996,55422.0,0.0,43,0.000146484375,26820.0,0.0,22,0.00043945312499999996,56140.0,0.0,43,0.38955814319873616,84896.0,15256.0,51,0.000146484375,30128.0,0.0,21,0.000146484375,27811.0,0.0,22,0.4158780349674708,90384.0,21000.0,49
192,471398.0,424499.0,46899.0,344,311,33,0.09948917899524372,0.4386554428106743,0.14114362790958015,0.18872322935279273,0.35870089866990756,0.23207618615267744,0,0,0.0,0,0,0,0.25849609375,89412.0,0.0,48,0.00043945312499999996,57512.0,0.0,42,0.000390625,29547.0,0.0,21,0.00068359375,58884.0,0.0,41,0.4386554428106743,86515.0,24000.0,48,0.000146484375,29737.0,0.0,22,0.000146484375,31880.0,0.0,23,0.43019084609096697,87911.0,22899.0,46
193,471319.0,427307.0,44012.0,348,315,33,0.09338049176884426,0.4262517082548155,0.1387027391295167,0.1844927664678305,0.3611089185142851,0.24391521453622667,0,0,0.0,0,0,0,0.26108398437499997,86987.0,0.0,48,0.00068359375,62092.0,0.0,42,0.00029296875,26012.0,0.0,21,0.0005859375,57512.0,0.0,42,0.41994247040631816,89034.0,21384.0,48,0.000390625,31635.0,0.0,23,0.000390625,28363.0,0.0,22,0.4262517082548155,89684.0,22628.0,48
194,452811.0,407281.0,45530.0,344,309,35,0.10054967745924878,0.44843825103784507,0.1404049557605809,0.18738622771805358,0.3595582046102061,0.25679947041922535,0,0,0.0,0,0,0,0.2630859375,87334.0,0.0,49,0.00029296875,54512.0,0.0,42,0.000146484375,28628.0,0.0,21,0.0005859375,54469.0,0.0,44,0.44843825103784507,86989.0,25808.0,48,0.000146484375,24512.0,0.0,21,0.00029296875,27044.0,0.0,23,0.4102506137968022,89323.0,19722.0,50
195,459713.0,413835.0,45878.0,341,308,33,0.09979704728819916,0.4414163695321331,0.14261692296969225,0.19037249197432954,0.3594755975354549,0.24408244926725997,0,0,0.0,0,0,0,0.266015625,92771.0,0.0,47,0.00029296875,58884.0,0.0,42,0.000146484375,32080.0,0.0,25,0.00029296875,53140.0,0.0,42,0.4324779986004049,82390.0,21878.0,46,0.000146484375,28756.0,0.0,21,0.000146484375,26924.0,0.0,26,0.4414163695321331,84768.0,24000.0,46
196,479945.0,433343.0,46602.0,348,316,32,0.0970986258842157,0.4460268237770757,0.14022726935771126,0.18661527489192234,0.3608747796700148,0.24450900624029814,0,0,0.0,0,0,0,0.26840820312499997,87188.0,0.0,48,0.0005371093749999999,57781.0,0.0,42,0.000146484375,29220.0,0.0,22,0.00029296875,63128.0,0.0,43,0.4460268237770757,92767.0,27102.0,47,0.000146484375,29034.0,0.0,22,0.000146484375,29071.0,0.0,23,0.40611359670961455,91756.0,19500.0,50
197,463409.0,416145.0,47264.0,349,313,36,0.10199197684982358,0.44230213461504764,0.14333790195945817,0.19078573555631398,0.36080027747697463,0.23002115841513615,0,0,0.0,0,0,0,0.27138671875,87157.0,0.0,49,0.00043945312499999996,53396.0,0.0,42,0.000146484375,31772.0,0.0,24,0.0005371093749999999,59155.0,0.0,42,0.44230213461504764,86024.0,24508.0,47,0.000146484375,30128.0,0.0,21,0.000146484375,29509.0,0.0,22,0.4315983466856177,86268.0,22756.0,47
198,471048.0,430292.0,40756.0,344,315,29,0.08652196803722745,0.422558957741863,0.13733099248628136,0.1814244610499663,0.36426719225863397,0.23760582785618412,0,0,0.0,0,0,0,0.2734375,83170.0,0.0,49,0.00043945312499999996,56140.0,0.0,42,0.000146484375,29445.0,0.0,23,0.00043945312499999996,58884.0,0.0,42,0.40108898214838795,90384.0,18256.0,48,0.000146484375,30577.0,0.0,23,0.000390625,30692.0,0.0,22,0.422558957741863,91756.0,22500.0,47
199,444526.0,408398.0,36128.0,343,318,25,0.0812730863886475,0.41425987872355086,0.13739644998000966,0.18126646592331966,0.36489230608100676,0.2448034535662702,0,0,0.0,0,0,0,0.277978515625,90582.0,0.0,51,0.000146484375,54512.0,0.0,42,0.000146484375,27256.0,0.0,20,0.00029296875,49024.0,0.0,41,0.41425987872355086,79024.0,18128.0,50,0.000146484375,29491.0,0.0,24,0.0,30125.0,0.0,25,0.40620078361652656,84512.0,18000.0,49
