epoch,total_B_gen,total_B_adm,total_B_drop,total_N_gen,total_N_adm,total_N_drop,drop_ratio,P_q_max,P_q_mean,P_q_std,jain_P,gini_B_gen,reassignments,pred_risk_max,P_q[0],B_q_gen[0],B_q_drop[0],K_q[0],P_q[1],B_q_gen[1],B_q_drop[1],K_q[1],P_q[2],B_q_gen[2],B_q_drop[2],K_q[2],P_q[3],B_q_gen[3],B_q_drop[3],K_q[3],P_q[4],B_q_gen[4],B_q_drop[4],K_q[4],P_q[5],B_q_gen[5],B_q_drop[5],K_q[5],P_q[6],B_q_gen[6],B_q_drop[6],K_q[6],P_q[7],B_q_gen[7],B_q_drop[7],K_q[7]
0,887950.0,887950.0,0.0,5872,5872,0,0.0,0.155517578125,0.101043701171875,0.03223128717641145,0.9076464628103215,0.10428346190663862,0,0.096020746875,0.107666015625,130969.0,0.0,316,0.131103515625,102410.0,0.0,317,0.155517578125,120742.0,0.0,321,0.0732421875,81472.0,0.0,325,0.06005859375,96192.0,0.0,319,0.096923828125,109224.0,0.0,322,0.062255859375,96067.0,0.0,320,0.12158203125,150874.0,0.0,321
1,699580.0,699580.0,0.0,3833,3833,0,0.0,0.143701171875,0.097869873046875,0.04183167007508374,0.8455308312949052,0.14063902627290648,0,0.057509737391133346,0.143701171875,118533.0,0.0,333,0.115283203125,65252.0,0.0,336,0.139208984375,84426.0,0.0,334,0.099609375,73496.0,0.0,335,0.016259765625,67810.0,0.0,332,0.05361328125,68172.0,0.0,337,0.08447265625,92349.0,0.0,338,0.130810546875,129542.0,0.0,334
2,651451.0,651451.0,0.0,3882,3882,0,0.0,0.18359375,0.11876220703125,0.05353011749503747,0.8311441121191193,0.12989829626479943,0,0.06324952092841844,0.18359375,111315.0,0.0,334,0.16484375,72872.0,0.0,334,0.173095703125,74862.0,0.0,333,0.074560546875,49607.0,0.0,337,0.027001953125,70763.0,0.0,335,0.08852539062499999,81908.0,0.0,335,0.084912109375,76941.0,0.0,333,0.153564453125,113183.0,0.0,336
3,716585.0,716585.0,0.0,4245,4245,0,0.0,0.224560546875,0.152252197265625,0.056936077174991565,0.8773120173496559,0.12126457433521476,0,0.09730875842182408,0.20942382812500002,108619.0,0.0,326,0.184326171875,68104.0,0.0,335,0.17685546875,71579.0,0.0,334,0.140478515625,78271.0,0.0,334,0.04052734375,81758.0,0.0,333,0.14560546875,95202.0,0.0,334,0.096240234375,79652.0,0.0,332,0.224560546875,133400.0,0.0,330
4,713852.0,713852.0,0.0,4155,4155,0,0.0,0.274072265625,0.178302001953125,0.07431572426321374,0.8519921978808161,0.13400011486974872,0,0.1333653543599446,0.274072265625,128190.0,0.0,339,0.22412109375,70824.0,0.0,336,0.20776367187499997,81337.0,0.0,338,0.16708984375000002,69638.0,0.0,338,0.0251953125,67087.0,0.0,335,0.144775390625,81835.0,0.0,339,0.132568359375,88506.0,0.0,331,0.25083007812499997,126435.0,0.0,333
5,729446.0,729446.0,0.0,4255,4255,0,0.0,0.345166015625,0.20872802734375,0.10168978637652429,0.8081773779816694,0.14942093040471782,0,0.17279406975009953,0.307861328125,116316.0,0.0,333,0.304248046875,89732.0,0.0,332,0.21220703124999998,70321.0,0.0,331,0.203271484375,71313.0,0.0,331,0.025927734375,79073.0,0.0,332,0.15791015625,74296.0,0.0,331,0.11323242187499999,73355.0,0.0,333,0.345166015625,155040.0,0.0,331
6,674535.0,600464.0,74071.0,3852,3399,453,0.10981046202198534,0.4917710440923051,0.25497422973298056,0.1530252842493226,0.7351904379735121,0.12466495437597724,0,0.21150448295438987,0.300537109375,100299.0,0.0,333,0.47731966877153914,97925.0,29937.0,331,0.24541015624999998,73914.0,0.0,331,0.182763671875,53036.0,0.0,332,0.023876953125,71794.0,0.0,335,0.195361328125,89131.0,0.0,325,0.12275390625,72659.0,0.0,328,0.4917710440923051,115777.0,44134.0,335
7,743410.0,551187.0,192223.0,4606,3501,1105,0.2585692955435086,0.6045471594639393,0.33257422760018107,0.2053316735125324,0.7240164736957625,0.13405792227707436,0,0.25331038327700295,0.6045471594639393,139558.0,83682.0,338,0.5742627172647689,87192.0,47810.0,336,0.327197265625,98284.0,0.0,335,0.22353515624999998,66886.0,0.0,334,0.063671875,87362.0,0.0,329,0.18798828124999997,79237.0,0.0,336,0.116455078125,69319.0,0.0,340,0.5629362878227402,115572.0,60731.0,333
8,712847.0,474666.0,238181.0,4287,3029,1258,0.3341263973896217,0.6359315518360784,0.3529788945653565,0.21342012810755767,0.7322937083465088,0.1849360732387173,0,0.3036354112866745,0.6359315518360784,135152.0,91160.0,335,0.5088476433483984,77207.0,32249.0,336,0.41934770796186166,77956.0,17344.0,337,0.22050781249999998,51478.0,0.0,328,0.0609375,72578.0,0.0,332,0.22978515624999998,88395.0,0.0,337,0.11279296875,64961.0,0.0,338,0.6356808158765137,145120.0,97428.0,336
9,698162.0,497799.0,200363.0,4063,2974,1089,0.28698640143691534,0.6615413700920049,0.34846422249635983,0.19938538681732249,0.7533560182590313,0.1575461712324644,0,0.33912648474172913,0.4324386792537349,100267.0,26627.0,334,0.482936317651449,65194.0,23910.0,339,0.5433169442236898,83836.0,40822.0,336,0.232861328125,58404.0,0.0,336,0.05419921875,74015.0,0.0,333,0.24882812499999998,90517.0,0.0,338,0.131591796875,75180.0,0.0,335,0.6615413700920049,150749.0,109004.0,329
10,714991.0,523515.0,191476.0,4062,3077,985,0.26780197233251846,0.6052372454209001,0.35302075625395013,0.1843633467115103,0.7857064873999116,0.14096104006903554,0,0.331318342559874,0.5621805177020613,120949.0,63480.0,333,0.47507463943106665,67673.0,23656.0,332,0.43528692872757313,73077.0,19944.0,330,0.27333984375,69355.0,0.0,331,0.045849609374999996,76124.0,0.0,334,0.254296875,79256.0,0.0,334,0.17290039062499998,90443.0,0.0,330,0.6052372454209001,138114.0,84396.0,335
11,700018.0,544241.0,155777.0,3810,3015,795,0.2225328491553071,0.5803042838352046,0.33476919120463683,0.1663069824507871,0.8020587960997034,0.13786895479830497,0,0.34756977074949097,0.463433546371194,106192.0,35364.0,329,0.514310228022264,80305.0,34538.0,335,0.3297734401584319,61714.0,3928.0,333,0.3138671875,73493.0,0.0,331,0.064892578125,79547.0,0.0,333,0.2587890625,75661.0,0.0,335,0.152783203125,76829.0,0.0,337,0.5803042838352046,146277.0,81947.0,339
12,719466.0,541607.0,177859.0,4070,3067,1003,0.24720973610983665,0.5492263490721142,0.36539925082621494,0.16771217977231748,0.8259918253150317,0.12417091287149051,0,0.3017719045873098,0.5179349943368383,119219.0,51475.0,334,0.5166669907796451,74221.0,32090.0,332,0.5492263490721142,93196.0,46472.0,332,0.298583984375,57914.0,0.0,341,0.07631835937499999,84298.0,0.0,332,0.2849609375,80052.0,0.0,336,0.18281250000000002,88999.0,0.0,332,0.4966898911711221,121567.0,47822.0,330
13,669826.0,486643.0,183183.0,3917,2948,969,0.2734784854574169,0.6177900588835132,0.37773710233317537,0.16324002528123413,0.8426333615747925,0.13601181500867376,0,0.32548905954030694,0.6177900588835132,121596.0,77284.0,328,0.4033498389322025,53772.0,11540.0,336,0.3961835678868031,68872.0,13168.0,333,0.49667801862251665,77095.0,31297.0,335,0.1021484375,80653.0,0.0,334,0.30615234375,81705.0,0.0,334,0.17983398437499998,72614.0,0.0,334,0.5197605687153672,113519.0,49894.0,333
14,692771.0,484245.0,208526.0,3866,2841,1025,0.30100278446990375,0.6247530628623561,0.388909034606981,0.1689495616240048,0.8412409536896716,0.1472728722766974,0,0.34775101234552575,0.4905513542834927,109447.0,41935.0,334,0.5300085444694964,75556.0,34912.0,331,0.3779637889520488,67904.0,10608.0,332,0.298583984375,54316.0,0.0,330,0.0861328125,77621.0,0.0,335,0.49263419816345366,88153.0,33403.0,330,0.21064453125,84980.0,0.0,334,0.6247530628623561,134794.0,87668.0,328
15,719492.0,497190.0,222302.0,4028,2827,1201,0.308970773823753,0.5561582211272418,0.4062975451440789,0.15507312254262332,0.8728479762589311,0.1175551639212109,0,0.340444584186008,0.5287549792142622,115990.0,52908.0,331,0.4606670412897086,66984.0,21328.0,338,0.5088450620343562,81977.0,34265.0,338,0.5002364943817732,79696.0,31597.0,337,0.10615234375,84953.0,0.0,332,0.38878496935528933,83018.0,14628.0,336,0.20078125,74946.0,0.0,334,0.5561582211272418,131928.0,67576.0,330
16,697785.0,443610.0,254175.0,3934,2513,1421,0.36425976482727435,0.5833607644632627,0.42487579075734516,0.16813941439150218,0.8645968579362027,0.1337025373145022,0,0.343325106712531,0.5833607644632627,127705.0,72448.0,337,0.5632560483870934,79360.0,41784.0,332,0.47466811488491933,72239.0,26696.0,330,0.45231443050629483,69080.0,21064.0,332,0.103759765625,75192.0,0.0,333,0.5071245438781241,93999.0,38939.0,334,0.1845703125,64389.0,0.0,331,0.5299523458140667,115821.0,53244.0,330
17,667821.0,461281.0,206540.0,3677,2608,1069,0.30927449121845474,0.6155848663046432,0.38729519891806086,0.16478975498833168,0.8467108802950981,0.17120811564775562,0,0.36203722400739186,0.6155848663046432,135144.0,85312.0,334,0.46483372610630785,61104.0,20144.0,333,0.29282226562499997,64116.0,0.0,331,0.4145258316646923,54935.0,14128.0,332,0.099169921875,76387.0,0.0,334,0.463197991747247,79021.0,26232.0,337,0.200439453125,74654.0,0.0,327,0.5477875348965968,122460.0,60724.0,333
18,666179.0,484468.0,181711.0,3907,2883,1024,0.2727660283497374,0.5796385800068331,0.38151530511586834,0.15484751529628024,0.858564765824211,0.12976298412288578,0,0.33753259950545295,0.47703368069497776,105531.0,37396.0,330,0.5541835256506287,80076.0,40708.0,336,0.40600911226111774,72892.0,15248.0,335,0.29130859374999996,54088.0,0.0,336,0.104296875,71120.0,0.0,331,0.4209020735633894,77659.0,18528.0,336,0.21875,79910.0,0.0,342,0.5796385800068331,124903.0,69831.0,334
19,727599.0,507547.0,220052.0,4144,3047,1097,0.30243581973037303,0.6061104728880282,0.396155036306054,0.15478426974875237,0.8675590394919585,0.16593360491149634,0,0.36910344123777356,0.6012990857990814,131510.0,79222.0,333,0.499762647837628,77035.0,30800.0,331,0.3477541267579269,66209.0,6136.0,329,0.3320704694501882,59359.0,3703.0,331,0.126171875,82278.0,0.0,334,0.38346419084057903,75291.0,13252.0,332,0.272607421875,93979.0,0.0,332,0.6061104728880282,141938.0,86939.0,333
20,721282.0,465817.0,255465.0,4203,2828,1375,0.35418185952235,0.5805614498705863,0.4375617059004345,0.15186746885953026,0.8924888084972402,0.11892262665642539,0,0.32778805037367187,0.5190152801358214,108376.0,47472.0,334,0.39766657488286117,61413.0,11984.0,334,0.5754222072384452,94735.0,52212.0,328,0.5182031247456111,76778.0,33154.0,337,0.142236328125,86691.0,0.0,336,0.5805614498705863,105333.0,58467.0,329,0.24711914062499998,69598.0,0.0,335,0.5202695415801512,118358.0,52176.0,333
21,669559.0,475613.0,193946.0,3573,2670,903,0.2896623001109681,0.6142918774757784,0.39299033386150517,0.1470595572180933,0.8771694815885572,0.17312608000191143,0,0.3389157402756402,0.5446322650035698,124587.0,60956.0,338,0.43987438587789124,58404.0,16424.0,335,0.30148582018515935,60431.0,1472.0,330,0.32374851840682733,52124.0,3224.0,335,0.168359375,85423.0,0.0,334,0.6142918774757784,101988.0,64108.0,333,0.24418945312499998,71830.0,0.0,330,0.5073409758178152,114772.0,47762.0,335
22,731439.0,501946.0,229493.0,4199,2890,1309,0.31375548747058835,0.5859755693855899,0.42025423775914306,0.1460050482849785,0.8922985104289742,0.12121021028411105,0,0.36107814730789933,0.49399396611742685,107725.0,41796.0,337,0.5859755693855899,86848.0,49588.0,334,0.298583984375,67447.0,0.0,329,0.4817328887176762,72746.0,25780.0,334,0.161865234375,83565.0,0.0,329,0.48663847263504045,85834.0,32065.0,326,0.27202148437499996,85013.0,0.0,329,0.581222302092411,142261.0,80264.0,336
23,732085.0,472720.0,259365.0,4479,2916,1563,0.35428263111523883,0.6199283654388867,0.45361326002972113,0.1390255336467231,0.9141328632818667,0.09078505228218026,0,0.37760973633650496,0.538760682644569,100210.0,48146.0,336,0.6199283654388867,97439.0,62347.0,333,0.5468699802604639,88615.0,43147.0,331,0.5129525751508178,71028.0,30272.0,332,0.18427734375,81931.0,0.0,334,0.40126380955916446,81652.0,16776.0,337,0.2923828125,84688.0,0.0,327,0.5324705109338674,126522.0,58677.0,330
24,697839.0,448010.0,249829.0,4132,2657,1475,0.3580037802415738,0.5745171893478429,0.44920689770310007,0.12954334380248583,0.9232209025900117,0.13126684665087485,0,0.3408794505222109,0.5111861541643673,107911.0,45684.0,338,0.5745171893478429,80330.0,44151.0,327,0.4288521363227869,67567.0,17828.0,328,0.507377980494019,67082.0,28766.0,334,0.167578125,69953.0,0.0,328,0.5062580984808621,93647.0,38448.0,334,0.3299053806000225,78772.0,3896.0,332,0.5679801172148995,132577.0,71056.0,332
25,682133.0,434996.0,247137.0,3824,2662,1162,0.3623003138684093,0.58875982060522,0.43551612970704257,0.14121612935459113,0.9048642890155834,0.15845352006133684,0,0.34030308044747126,0.5734200557230589,110900.0,60872.0,340,0.4607170910422531,62252.0,20016.0,329,0.38307923709742503,68947.0,11308.0,331,0.296630859375,56555.0,0.0,337,0.15732421875,67125.0,0.0,335,0.5632869209781806,99327.0,52303.0,334,0.46091083408520306,88252.0,28117.0,333,0.58875982060522,128775.0,74521.0,338
26,711843.0,433694.0,278149.0,4235,2764,1471,0.3907448693040454,0.6274952176624408,0.4605374484515039,0.12555714928892336,0.9308143444549641,0.14989102231812335,0,0.37297543774118413,0.5609920906801877,105544.0,54948.0,334,0.4582031465631087,63404.0,20080.0,328,0.440747639814283,73392.0,20638.0,334,0.4255305328098766,63777.0,15632.0,333,0.17197265625,79909.0,0.0,331,0.5095380368136064,84031.0,35240.0,330,0.48982026701852777,96966.0,36727.0,329,0.6274952176624408,144820.0,94884.0,336
27,750381.0,400159.0,350222.0,4452,2420,2032,0.4667255700770669,0.6582552905262046,0.4785695317719486,0.15492942976746787,0.9051379456283967,0.18947424708248195,0,0.4155686224571071,0.6582552905262046,154616.0,110784.0,335,0.5552218546875557,79481.0,41013.0,333,0.6035004943617839,103590.0,62859.0,336,0.3296277699282963,44036.0,3964.0,333,0.14765625,60703.0,0.0,330,0.4668708110545913,90286.0,30238.0,334,0.5469266839388848,100877.0,49848.0,331,0.5204970996782723,116792.0,51516.0,337
28,754619.0,446212.0,308407.0,4454,2786,1668,0.40869233348219375,0.6318589259432813,0.46616210581981016,0.14708670431963608,0.9094569638620588,0.1340456243481809,0,0.3647991348274465,0.4944032633817973,108599.0,42224.0,334,0.5297286882781038,73576.0,33532.0,335,0.5896476281502698,104733.0,61285.0,332,0.29365234375,55386.0,0.0,332,0.1681640625,84835.0,0.0,332,0.47242134584447915,94564.0,32582.0,334,0.5494205887105497,95633.0,47687.0,334,0.6318589259432813,137293.0,91097.0,328
29,715751.0,409809.0,305942.0,4478,2615,1863,0.4274419455928103,0.6133387977322404,0.45864007180440136,0.15544160582375613,0.8969689842883319,0.18550183653253693,0,0.383487519912579,0.6133387977322404,145707.0,91354.0,329,0.5827054427758838,84038.0,47516.0,338,0.41697974878384386,68916.0,15888.0,331,0.295166015625,49907.0,0.0,328,0.149560546875,67308.0,0.0,336,0.46127700780878855,80034.0,26167.0,331,0.5371291085982768,84168.0,40016.0,337,0.6129639062361777,135673.0,85001.0,337
30,720138.0,481641.0,238497.0,4128,2857,1271,0.3311823567149625,0.5949015772099249,0.4375231815366739,0.1259382013937692,0.9234856345724439,0.11477765372747983,0,0.38058080586773607,0.41678180731260867,97237.0,22768.0,330,0.5949015772099249,98148.0,57888.0,333,0.4545909585473722,70080.0,21688.0,334,0.35550073522326536,59349.0,6072.0,328,0.1810546875,85095.0,0.0,333,0.3985270459041565,87923.0,17068.0,335,0.5152804007506628,94716.0,40707.0,336,0.583548239845401,127590.0,72306.0,333
31,719123.0,442361.0,276762.0,4311,2766,1545,0.3848604480735557,0.6446066959594974,0.44512267279207646,0.13129448578327602,0.9199607788945501,0.20111389150395675,0,0.41192617374667867,0.6001915266054273,120655.0,72451.0,327,0.40295935628724777,53356.0,11284.0,328,0.3375723389420902,66492.0,5016.0,333,0.4667415677340274,61616.0,20584.0,336,0.2001953125,81563.0,0.0,333,0.4475181892487463,80781.0,23857.0,333,0.4611963950595752,87156.0,28124.0,334,0.6446066959594974,167504.0,115446.0,333
32,720758.0,421578.0,299180.0,4212,2716,1496,0.4150907794294334,0.6116512438408822,0.46294443957487863,0.1488650474418855,0.9062882426383385,0.17532271580752457,0,0.3567141689387601,0.5930458320945398,127077.0,74516.0,335,0.32949931204310096,53896.0,3164.0,335,0.5776272934347741,83334.0,46296.0,331,0.30964641607769466,48301.0,1696.0,336,0.20947265625,85748.0,0.0,338,0.4700704552946475,90438.0,30744.0,325,0.6025423075633899,98828.0,59780.0,333,0.6116512438408822,133136.0,82984.0,331
33,685781.0,441335.0,244446.0,3725,2491,1234,0.35644907047585106,0.5854799656330525,0.4395362462219151,0.12899322507061534,0.9207017872702463,0.15942352587779451,0,0.34918002420778455,0.4695587898720933,107355.0,36385.0,331,0.5299979789263143,69647.0,32323.0,330,0.5570838301700681,99477.0,51177.0,334,0.277587890625,43512.0,0.0,335,0.19130859375,70294.0,0.0,333,0.4716741390785183,87194.0,29989.0,331,0.43359878172027444,80272.0,21472.0,336,0.5854799656330525,128030.0,73100.0,333
34,624387.0,421750.0,202637.0,3608,2584,1024,0.3245375063862631,0.5594537483954315,0.4246319774864237,0.12061344454046698,0.9253432770061631,0.14749486296159242,0,0.31248932107966887,0.5332338991078323,103260.0,48712.0,333,0.3648249921932815,54040.0,7096.0,328,0.43138894461933575,72584.0,19116.0,331,0.374830739926986,69277.0,8670.0,334,0.16259765625,46792.0,0.0,337,0.439165727179939,81688.0,22856.0,333,0.5594537483954315,90075.0,46723.0,329,0.5315601122185835,106671.0,49464.0,331
35,682573.0,445589.0,236984.0,3765,2546,1219,0.34719216845670664,0.6109744272461272,0.4175476419127321,0.14278032369316612,0.8953115345886099,0.2051485701895619,0,0.3615237832504272,0.5319963366886589,120449.0,55464.0,330,0.3403725741704415,53854.0,4664.0,338,0.4153810543295966,67123.0,15496.0,335,0.28798828125,44622.0,0.0,331,0.153955078125,68615.0,0.0,330,0.44154533144695585,82632.0,23352.0,335,0.6109744272461272,107496.0,66920.0,330,0.5581680520450766,137782.0,71088.0,335
36,680822.0,461533.0,219289.0,3759,2641,1118,0.322094468157609,0.5684892832907622,0.42981419548165073,0.12357025947312636,0.9236557153876835,0.123778682239998,0,0.3244010547067521,0.5684892832907622,112343.0,60622.0,331,0.4183826235699036,64539.0,15060.0,332,0.4904268356044783,81874.0,31206.0,339,0.4527077261442122,74112.0,21448.0,334,0.1353515625,58107.0,0.0,338,0.5372897435738233,95644.0,45372.0,336,0.42321679578388016,84131.0,20782.0,332,0.4126489933861462,110072.0,24799.0,333
37,753081.0,455385.0,297696.0,4477,2802,1675,0.39530409079501355,0.5874130430039076,0.4648818050185474,0.13230092594251858,0.9250764581731752,0.14366299906650126,0,0.3495701169344675,0.5874130430039076,122987.0,70540.0,331,0.5570473531280151,85939.0,44164.0,336,0.43632104876907085,71011.0,19423.0,334,0.39481902274374187,54504.0,10352.0,337,0.16708984375,86790.0,0.0,334,0.5794221918682579,106092.0,59320.0,330,0.44042201914603213,94468.0,26540.0,334,0.5565199177393536,131290.0,67357.0,330
38,756974.0,460685.0,296289.0,4492,2786,1706,0.3914123866869927,0.5880719957095052,0.48011450032579195,0.12378825501919181,0.9376670215995804,0.09299592852594651,0,0.33863746546234347,0.5255998522324301,111112.0,50112.0,333,0.5880719957095052,80465.0,46383.0,329,0.5276490243888046,83561.0,38037.0,329,0.43625198857009906,66454.0,18096.0,335,0.191748046875,91904.0,0.0,327,0.5777126392992107,104042.0,57879.0,337,0.5725526751893913,105600.0,57625.0,330,0.4213297803418943,113836.0,28157.0,329
39,659383.0,445244.0,214139.0,3710,2441,1269,0.32475662854516973,0.6170172234122517,0.4209440186026089,0.12766564022921278,0.9157666286419325,0.17395523542463165,0,0.3501497467874073,0.39157996976038517,99869.0,18292.0,339,0.46767110925446115,64296.0,21580.0,334,0.5458317576872685,88588.0,44386.0,335,0.41457664824694884,51250.0,12660.0,335,0.15615234375,59618.0,0.0,332,0.4084573901902253,82083.0,17797.0,331,0.36626570651933044,71949.0,9936.0,337,0.6170172234122517,141730.0,89488.0,331
40,671298.0,420110.0,251188.0,3691,2456,1235,0.3741825537987594,0.6279889760622885,0.4302266381258256,0.1502695779013085,0.8912683398367547,0.1871542146706826,0,0.35673788498902886,0.5440583574750399,108884.0,53180.0,332,0.49689563160211,72704.0,28616.0,336,0.45438533282575383,73552.0,22251.0,334,0.2607421875,33252.0,0.0,330,0.1494140625,70805.0,0.0,335,0.540259765032378,92281.0,44478.0,335,0.36806879200903453,79410.0,10516.0,328,0.6279889760622885,140410.0,92147.0,332
41,701930.0,442927.0,259003.0,4006,2667,1339,0.36898693601926064,0.6189884833003243,0.43823318942126716,0.14459936368505752,0.9018161125673702,0.1384632370749217,0,0.3596589169261061,0.5695853663759824,110172.0,59380.0,339,0.5118576129847552,74728.0,31948.0,340,0.461675739076762,74377.0,25183.0,334,0.27758789062499994,59072.0,0.0,338,0.15112304687499997,77405.0,0.0,329,0.4229373060978293,79907.0,20326.0,329,0.492110070034484,87535.0,33684.0,336,0.6189884833003243,138734.0,88482.0,335
42,718720.0,470507.0,248213.0,4340,2907,1433,0.34535424087266203,0.6222202453330746,0.42267065513750085,0.15341539271315496,0.8835913780784864,0.16568691562778248,0,0.3728043534897226,0.6222202453330746,133948.0,86400.0,337,0.6040947945454914,94937.0,57545.0,333,0.291650390625,59601.0,0.0,333,0.284521484375,49968.0,0.0,329,0.18828124999999998,82537.0,0.0,333,0.49826382098716937,95880.0,37476.0,336,0.35249923745707457,80810.0,8698.0,333,0.5398340177771969,121039.0,58094.0,336
43,727678.0,448745.0,278933.0,4320,2851,1469,0.3833192703366044,0.625819935035432,0.4477365798961146,0.14115589736569684,0.90959338793999,0.1584969588196976,0,0.37219155131638854,0.613626394787699,127674.0,80034.0,330,0.4808772000249686,69455.0,25146.0,335,0.4589779292360438,81767.0,25088.0,334,0.309814453125,58508.0,0.0,332,0.172998046875,76993.0,0.0,324,0.5054028789674485,87698.0,36181.0,338,0.41437580111732475,81478.0,18495.0,339,0.625819935035432,144105.0,93989.0,333
44,756154.0,440495.0,315659.0,4450,2613,1837,0.4174533230003406,0.6318642108825995,0.46351259714473575,0.14426977193615914,0.9116779652543991,0.17310395765941844,0,0.400310461557728,0.6318642108825995,151843.0,100827.0,336,0.5467275353218664,75710.0,37914.0,332,0.5627393459979045,94018.0,49432.0,333,0.32902647134456664,50189.0,4384.0,335,0.184716796875,83999.0,0.0,338,0.3844442405754021,77941.0,13072.0,333,0.4660540510894502,90596.0,30300.0,335,0.602528125071097,131858.0,79730.0,332
45,627045.0,431045.0,196000.0,3531,2432,1099,0.31257724724700725,0.605748070337909,0.40683198806783616,0.13187254072863955,0.9049200840999,0.1612027446196045,0,0.351340212773203,0.605748070337909,123283.0,75363.0,336,0.4610164135501651,65067.0,20636.0,331,0.4838526837509643,74986.0,28100.0,331,0.28037109374999997,50320.0,0.0,340,0.17387695312499998,66632.0,0.0,328,0.40259373946653976,70460.0,15180.0,330,0.3239827394840878,61716.0,4696.0,323,0.5232142110780236,114581.0,52025.0,335
46,661810.0,495066.0,166744.0,3584,2780,804,0.25195146643296373,0.5524987001867372,0.39429955980035103,0.1224580012119903,0.9120306870181949,0.14313549205965437,0,0.3312141359663673,0.5430884614607068,114005.0,55460.0,339,0.5524987001867372,66536.0,33620.0,335,0.38895659461841353,72510.0,12596.0,336,0.27568359375,51394.0,0.0,329,0.17387695312499998,73474.0,0.0,332,0.40468954378781363,80656.0,16612.0,338,0.3383548456905609,83014.0,4852.0,331,0.47724778578357624,120221.0,43604.0,330
47,760348.0,458743.0,301605.0,4624,2726,1898,0.396667052454928,0.6326552749349363,0.4473287025103262,0.14702668490264,0.9025037695924336,0.18255029276068302,0,0.41202362164684103,0.6326552749349363,163691.0,109289.0,334,0.592314415325214,95590.0,55866.0,332,0.4236614690149453,72774.0,18020.0,335,0.3064453125,62900.0,0.0,329,0.168310546875,68810.0,0.0,335,0.525716132088507,89996.0,40548.0,331,0.38552921551024055,73742.0,13716.0,329,0.543997253833766,132845.0,64166.0,336
48,709298.0,456187.0,253111.0,3973,2700,1273,0.3568471925763214,0.6406508318481682,0.4307472042437235,0.14264533994565495,0.9011724254791185,0.1533283612811538,0,0.3794974709860786,0.5831044823232299,114840.0,64844.0,334,0.5173400335008346,74625.0,32438.0,335,0.4366409730267332,75313.0,21376.0,334,0.33698247255151786,60124.0,4770.0,329,0.1861328125,75686.0,0.0,330,0.45186430944930434,80074.0,25048.0,335,0.29326171875,75121.0,0.0,334,0.6406508318481682,153515.0,104635.0,337
49,689090.0,471001.0,218089.0,3696,2565,1131,0.31648841225384156,0.5827199985427594,0.4066785179470418,0.1342374729573415,0.9017502726028902,0.19255249677110364,0,0.34996536796284716,0.5827199985427594,124808.0,70608.0,330,0.4655903821986843,70983.0,23529.0,326,0.28681640625,55687.0,0.0,337,0.2912109375,47923.0,0.0,327,0.16728515624999998,68673.0,0.0,338,0.49111288749036264,101188.0,38064.0,338,0.4319352329624031,85669.0,22388.0,337,0.5367571423821251,134159.0,63500.0,335
50,643434.0,472070.0,171364.0,3745,2791,954,0.26632723791406687,0.5394100449825778,0.4087189501732097,0.11107533089181426,0.9312235678835538,0.10484874905584696,0,0.30529233748483997,0.40913304719322696,94272.0,20604.0,331,0.46505205217124057,63512.0,21040.0,335,0.3738065130830894,75251.0,9822.0,333,0.40386996012628695,65970.0,13157.0,338,0.1640625,70843.0,0.0,332,0.5394100449825778,87223.0,41943.0,335,0.3776902171652991,73269.0,11220.0,332,0.5367272666639566,113094.0,53578.0,333
51,729203.0,422029.0,307174.0,4300,2600,1700,0.4212462099031402,0.65200176436563,0.4625655508598025,0.13615941795793066,0.9202628529574143,0.18397260433651508,0,0.39064288185248175,0.5620765982366089,125178.0,65588.0,333,0.4801280847686584,71151.0,25577.0,332,0.486983422405792,73828.0,27739.0,334,0.40211249038342345,58574.0,12254.0,336,0.154541015625,64575.0,0.0,332,0.5158601387918971,91648.0,39441.0,332,0.4468208923014102,86196.0,25336.0,335,0.65200176436563,158053.0,111239.0,333
52,739374.0,411846.0,327528.0,4381,2647,1734,0.4429801426612236,0.6374368667720888,0.48319486258760647,0.1424102718602995,0.9200786234064535,0.14103687714201452,0,0.3722628112074459,0.5558356699727307,116555.0,59672.0,334,0.6240830072324497,90914.0,58954.0,333,0.41785037908161465,70522.0,16932.0,334,0.4625445552043155,67707.0,21786.0,334,0.155517578125,74417.0,0.0,329,0.4959833270178077,92365.0,36204.0,333,0.5163075172948446,81875.0,36068.0,330,0.6374368667720888,145019.0,97912.0,337
53,663211.0,454068.0,209143.0,3591,2559,1032,0.31534911212268746,0.5736238866448057,0.4195092440079099,0.12319706264992634,0.9206053680762886,0.1382001730972493,0,0.3345299143315154,0.5736238866448057,118336.0,64736.0,332,0.4321923271801029,59332.0,15756.0,329,0.43056362324675745,76216.0,19716.0,333,0.42725276555033664,64667.0,16496.0,333,0.142822265625,64303.0,0.0,336,0.4445795315306724,84061.0,24307.0,332,0.35775113397230984,80428.0,9808.0,335,0.547288418313294,115868.0,58324.0,329
54,732008.0,452854.0,279154.0,4283,2814,1469,0.3813537556966585,0.5853063515160617,0.4587005560094048,0.1291097589950753,0.9265912540825781,0.13810573108490587,0,0.3519239866186507,0.5853063515160617,119116.0,68004.0,338,0.49546508720950233,71688.0,28004.0,336,0.4989359121914746,82976.0,33500.0,331,0.34891177114553784,61141.0,5987.0,336,0.1669921875,81951.0,0.0,332,0.472222432785265,82219.0,28344.0,331,0.5546822338743103,96430.0,48666.0,337,0.5470884718530868,136487.0,66649.0,337
55,670559.0,446080.0,224479.0,3860,2616,1244,0.33476398049985107,0.5694087469195142,0.43256457430311923,0.134003420927313,0.9124347687682166,0.12242677378127786,0,0.33435015122832296,0.4110426276572499,87861.0,19873.0,338,0.5694087469195142,80446.0,43330.0,337,0.294140625,53268.0,0.0,336,0.47709815190073007,71359.0,25296.0,336,0.15190429687499998,72872.0,0.0,343,0.5163500850929076,93666.0,40511.0,331,0.4875669792686378,87339.0,32815.0,332,0.5530050817109144,123748.0,62654.0,334
56,708224.0,419800.0,288424.0,4287,2628,1659,0.4072496837158859,0.6043259942086778,0.46546046227427634,0.13565343250610185,0.9217126603722263,0.1415074891559731,0,0.34893827256404447,0.5172603729982552,109311.0,47199.0,335,0.5684319794305421,86056.0,46276.0,332,0.42430024719277715,77078.0,18710.0,333,0.44911207849417123,60439.0,18892.0,329,0.14897460937499998,65047.0,0.0,332,0.5737987220752402,104701.0,57334.0,330,0.43747969441954687,75872.0,21084.0,336,0.6043259942086778,129720.0,78929.0,329
57,753311.0,436847.0,316464.0,4484,2704,1780,0.42009740996746303,0.6466705936908574,0.461292600848072,0.15354388655469034,0.9002577934449193,0.16073358148228278,0,0.39892042825428464,0.5574631418293623,119137.0,61626.0,335,0.544004834160814,84405.0,41141.0,339,0.571691589489256,91240.0,49507.0,332,0.2935546875,52747.0,0.0,336,0.15507812499999998,80425.0,0.0,342,0.5059900795505369,83247.0,34540.0,329,0.41588775556374963,82532.0,19008.0,333,0.6466705936908574,159578.0,110642.0,332
58,744050.0,409372.0,334678.0,4565,2705,1860,0.449805792621463,0.6331060476943772,0.4818684903254506,0.1507437346710766,0.9108599091947577,0.14336099724480866,0,0.37443014641384925,0.5794078319567366,121102.0,67721.0,332,0.5917126346511778,85519.0,49919.0,333,0.6331060476943772,110907.0,74245.0,328,0.2976291331750089,43792.0,1024.0,332,0.17827148437499998,75729.0,0.0,332,0.48105953525187783,88435.0,32024.0,331,0.5096795713487394,97445.0,40893.0,335,0.5840816841506868,121121.0,68852.0,330
59,713992.0,466394.0,247598.0,3953,2613,1340,0.3467797958520539,0.5658846708745875,0.4358980390143089,0.13334016809348614,0.9144334051732235,0.13438595950654886,0,0.3514704495626876,0.477804619473615,105313.0,37368.0,328,0.5658846708745875,88823.0,47216.0,331,0.4920449019837597,90335.0,34635.0,330,0.29985351562499996,57756.0,0.0,338,0.152490234375,61978.0,0.0,331,0.545741981929107,96910.0,47554.0,334,0.42095444143968364,82716.0,20349.0,335,0.5324099464137185,130161.0,60476.0,330
60,669981.0,495335.0,174646.0,3518,2766,752,0.26067306386300465,0.5551167320638826,0.39357784250387057,0.11076329626873789,0.9266114785174876,0.1621562775660801,0,0.3473786827678983,0.4921707525127008,107852.0,41452.0,336,0.337794128766246,53626.0,4352.0,330,0.35564281325106295,65324.0,8016.0,338,0.40143190018132574,63111.0,12692.0,332,0.18203124999999998,78985.0,0.0,331,0.49055426436413896,90018.0,34333.0,329,0.3338808988916074,76214.0,4956.0,334,0.5551167320638826,134851.0,68845.0,331
61,612536.0,442187.0,170349.0,3310,2505,805,0.2781044705943809,0.5563756327799575,0.386400759007945,0.13542507498037454,0.8906027825300602,0.17710510076142438,0,0.3180712040255001,0.5513283493181836,110404.0,55560.0,327,0.3050440987133703,54430.0,480.0,333,0.3380046517740783,67528.0,5080.0,330,0.29062499999999997,44713.0,0.0,336,0.149853515625,58583.0,0.0,337,0.5149944542915409,86527.0,37231.0,331,0.3849803695614294,74629.0,12684.0,332,0.5563756327799575,115722.0,59314.0,332
62,688635.0,490365.0,198270.0,3694,2576,1118,0.28791740181663683,0.5474442781759451,0.4119292905350851,0.12127541160042628,0.9202372741101852,0.10403497498674885,0,0.3374357605030976,0.34800973759461884,85705.0,10916.0,331,0.5090306231319482,74359.0,31014.0,333,0.49371065557723554,89231.0,34326.0,332,0.39286612479953215,68590.0,11882.0,334,0.14208984375,70751.0,0.0,340,0.4820334279150825,93490.0,34064.0,337,0.3802496333363182,79539.0,13232.0,333,0.5474442781759451,126970.0,62836.0,331
63,717141.0,469280.0,247861.0,4161,2729,1432,0.3456238034082553,0.5738466071729218,0.4398983550230332,0.12444154450413532,0.92590442547905,0.14944324059006497,0,0.34025228649113354,0.5066824141168929,124668.0,48928.0,333,0.4345559996864937,63795.0,17168.0,334,0.5738466071729218,95024.0,52044.0,331,0.4344800907298063,62972.0,17103.0,333,0.14033203125,74105.0,0.0,336,0.4241358739438601,74860.0,19748.0,335,0.4602697032216492,91017.0,28819.0,339,0.5448841200626415,130700.0,64051.0,335
64,712546.0,487580.0,224966.0,4030,2776,1254,0.31572137097113684,0.585564390523811,0.43024908000789974,0.13153357712627758,0.9145268296595115,0.13122766810844477,0,0.329751139026604,0.585564390523811,121990.0,69672.0,330,0.5306883937479184,75175.0,34684.0,331,0.5461708117900742,83988.0,41400.0,333,0.295166015625,50274.0,0.0,329,0.16791992187500002,87732.0,0.0,329,0.40518339714764123,91913.0,18384.0,332,0.48545922664163976,83118.0,30830.0,331,0.4258404827121132,118356.0,29996.0,326
65,708862.0,469683.0,239179.0,3919,2710,1209,0.3374126416707337,0.5992826315283137,0.42764111272125327,0.13617650261029055,0.9079339122838176,0.14930550657250619,0,0.34032626483464457,0.5992826315283137,122792.0,73535.0,336,0.47157227157601805,65640.0,23024.0,335,0.3494320674294493,69100.0,6872.0,330,0.3110497619450811,59975.0,1056.0,336,0.164208984375,82742.0,0.0,334,0.45689848002914446,86246.0,27089.0,336,0.48836097325573297,93003.0,35227.0,337,0.5803237316312864,129364.0,72376.0,336
66,688945.0,432924.0,256021.0,4184,2712,1472,0.37161311860888696,0.5646993609966695,0.4661384788770804,0.11488172001595404,0.9427384412504455,0.09000010886210053,0,0.32058572670766106,0.5424650382913565,102324.0,49600.0,331,0.5182282780392203,80004.0,34512.0,330,0.4893659572693001,71544.0,27620.0,338,0.5646993609966695,76946.0,40675.0,332,0.18740234374999998,82263.0,0.0,331,0.5004304464445759,82274.0,34740.0,336,0.4003962168930363,74012.0,14796.0,336,0.5261201893324841,119578.0,54078.0,329
67,702696.0,490642.0,212054.0,3874,2633,1241,0.3017720322870768,0.5428168902618136,0.4193249104930681,0.11739969297717924,0.9273126584853657,0.1422909053132504,0,0.3288147972627861,0.467583851937743,117361.0,39370.0,331,0.4370610082901046,63811.0,17492.0,332,0.2995019500064864,62630.0,800.0,336,0.5228691537286922,81084.0,36166.0,334,0.16904296875,69994.0,0.0,334,0.4288999961824072,93318.0,22818.0,332,0.48682346478729754,86636.0,32752.0,338,0.5428168902618136,127862.0,62656.0,332
68,735348.0,454552.0,280796.0,4259,2745,1514,0.38185457769654585,0.5778914184781022,0.4642594429097556,0.12135282093515586,0.9360449330547995,0.11965627158841774,0,0.3407586323279665,0.5778914184781022,121646.0,67585.0,339,0.5198820155228395,73569.0,32353.0,336,0.41944341124149165,73619.0,18133.0,332,0.5511713794611026,79321.0,40009.0,335,0.180029296875,79161.0,0.0,334,0.46807167998433996,81588.0,27736.0,336,0.4314978013003109,92783.0,24175.0,331,0.5660885404148581,133661.0,70805.0,332
69,779102.0,450501.0,328601.0,4872,2910,1962,0.4217689083072557,0.6008728616089133,0.47739230529829296,0.13624434209744735,0.9246852476794077,0.1335441315771233,0,0.38164815141063774,0.6008728616089133,129691.0,78079.0,332,0.5919414634146313,102500.0,59848.0,328,0.5612745379937426,99444.0,51304.0,334,0.29648437499999997,47453.0,0.0,335,0.22861328125000002,90098.0,0.0,335,0.42158202772933195,83214.0,20064.0,337,0.5277092600881507,99628.0,45460.0,336,0.590660635301574,127074.0,73846.0,329
70,738657.0,443839.0,294818.0,4278,2621,1657,0.39912706438847745,0.5891449217792212,0.46765735530108954,0.1279647620929497,0.9303424662382774,0.13535527992017937,0,0.35661555101722153,0.5891449217792212,130512.0,75512.0,330,0.5816275443639458,94277.0,53102.0,332,0.5693263182145798,88354.0,47618.0,331,0.3500165943475653,57525.0,6260.0,334,0.20302734375,71936.0,0.0,335,0.5094343914511976,87997.0,37117.0,336,0.40894446091934644,84356.0,18372.0,336,0.5297372675828599,123700.0,56837.0,331
71,668416.0,462223.0,206193.0,3853,2743,1110,0.30848004835312093,0.5489721243292992,0.43236194060032396,0.09991663336155601,0.9493026384033714,0.1324130481616237,0,0.3318716145483926,0.526435259628846,104984.0,47944.0,330,0.4973254416658544,65649.0,26120.0,336,0.4549809673430587,68944.0,21572.0,333,0.3873483033824179,62119.0,10488.0,335,0.22524414062499998,79545.0,0.0,332,0.46716889068931017,88193.0,29314.0,334,0.35142039713880513,72994.0,8020.0,334,0.5489721243292992,125988.0,62735.0,333
72,725729.0,405534.0,320195.0,4491,2502,1989,0.44120463699259577,0.6520065137876835,0.48379520961602795,0.13075460162116137,0.9319273154674111,0.1490079285794006,0,0.38175994026789206,0.42978139547185634,94520.0,25420.0,332,0.6189095054092255,97221.0,61848.0,331,0.5365560338433015,86786.0,40890.0,327,0.5075350207171592,67788.0,28812.0,331,0.195263671875,53770.0,0.0,333,0.4677096900579204,94437.0,31676.0,333,0.4625998457660776,81532.0,26132.0,333,0.6520065137876835,149675.0,105417.0,336
73,681371.0,443987.0,237384.0,3841,2498,1343,0.3483916985019903,0.6047767415645049,0.42942830707359675,0.13529527938703867,0.9097010602406588,0.16922920846352407,0,0.3521012371633388,0.3928655935966338,102696.0,18432.0,332,0.44517472279373255,61484.0,18068.0,332,0.4044628411858804,62814.0,14154.0,339,0.29990234374999997,55808.0,0.0,327,0.17958984375,62312.0,0.0,333,0.5936189084837707,114996.0,67530.0,331,0.5150354614642515,93601.0,41160.0,331,0.6047767415645049,127660.0,78040.0,333
74,719502.0,470643.0,248859.0,4104,2711,1393,0.3458767314058886,0.6137982609905444,0.4264334174738549,0.1425762061613993,0.8994527907796472,0.16350024044408462,0,0.36301903578477934,0.5313598592408042,114806.0,53123.0,332,0.5104349251535285,78160.0,32712.0,331,0.34149447471355937,74012.0,6200.0,330,0.36013740358399954,57952.0,6840.0,332,0.18837890624999998,73319.0,0.0,334,0.6137982609905444,119381.0,75063.0,336,0.289599609375,65987.0,0.0,330,0.5762639004834031,135885.0,74921.0,329
75,744065.0,434100.0,309965.0,4387,2676,1711,0.41658322861577896,0.5966833205226726,0.4736205303774558,0.12874967843548005,0.9311873424194208,0.14516322498706402,0,0.35180024659926995,0.5886557541285566,123772.0,71455.0,327,0.5271679461297345,72529.0,33420.0,335,0.5536323583030301,100108.0,50312.0,334,0.37347550579887073,58139.0,9276.0,342,0.18251953125,70505.0,0.0,335,0.48193358055499047,88812.0,32628.0,332,0.4848962463317914,100100.0,35677.0,336,0.5966833205226726,130100.0,77197.0,329
76,749719.0,444056.0,305663.0,4419,2687,1732,0.4077034195478567,0.5808771061941576,0.4716197011836281,0.12423296016509387,0.9351135324210618,0.13589875006502417,0,0.37651637296313173,0.5544766593553546,114862.0,58594.0,336,0.5777972705412195,100989.0,55675.0,333,0.4763726980872403,72304.0,25632.0,337,0.43000605955352106,66308.0,16684.0,331,0.176953125,69967.0,0.0,327,0.5343866972800758,107163.0,49984.0,332,0.4420879934574561,84710.0,24147.0,333,0.5808771061941576,133416.0,74947.0,331
77,693905.0,413561.0,280344.0,4331,2708,1623,0.40400919434216437,0.6235541461440892,0.47624777967012816,0.12161239512170396,0.9387852587936996,0.11228680438964966,0,0.34689159166414285,0.49574224528716926,95988.0,38084.0,331,0.5098385221414661,74223.0,31976.0,331,0.5267287101040158,84360.0,38196.0,334,0.4217411134433521,54821.0,13364.0,334,0.19990234375,81229.0,0.0,335,0.4454400130685381,85702.0,24929.0,332,0.5870351434223947,95619.0,54836.0,330,0.6235541461440892,121963.0,78959.0,333
78,763575.0,447543.0,316032.0,4495,2743,1752,0.4138846871623607,0.614618059605693,0.46576724731133723,0.13589836090287954,0.9215472529686353,0.17147218675310194,0,0.37703361355523834,0.5681065863419599,132120.0,70380.0,333,0.37679517790548567,61272.0,10063.0,335,0.42606408976593924,83638.0,21112.0,328,0.3408320126785824,52479.0,5408.0,333,0.2234375,84447.0,0.0,329,0.5622499330555757,104506.0,54844.0,338,0.614618059605693,106092.0,66788.0,334,0.6140346191374617,139021.0,87437.0,336
79,740376.0,470626.0,269750.0,4205,2911,1294,0.3643419019525209,0.6178711523093011,0.44892718887703215,0.11981280601846082,0.933507526976439,0.1802540195792406,0,0.3754432824128212,0.6178711523093011,141750.0,90158.0,333,0.43648477544544584,65552.0,17484.0,331,0.392954560921166,71750.0,13360.0,336,0.2865234375,50052.0,0.0,336,0.26748046875,98047.0,0.0,333,0.49583177032862014,91585.0,35951.0,331,0.5137941578609475,87526.0,37408.0,330,0.5804771879007764,134114.0,75389.0,334
80,723459.0,463823.0,259636.0,4100,2814,1286,0.3588814293553603,0.5835046588034085,0.4561648621925653,0.11002918964402454,0.9450189907910004,0.14504225533167725,0,0.3491866605838533,0.5835046588034085,128064.0,72651.0,336,0.501868950911523,69348.0,28100.0,339,0.43781040280808314,72693.0,20057.0,333,0.30507812500000003,60453.0,0.0,337,0.259765625,81164.0,0.0,335,0.4708364263742705,87278.0,29812.0,328,0.5643432450230458,98705.0,52184.0,333,0.5261114636201912,125754.0,56832.0,333
81,752788.0,426034.0,326754.0,4522,2703,1819,0.4340584600179593,0.5851435052164043,0.49464785794593963,0.10947472363163678,0.9533053135184436,0.13597320892469034,0,0.3593258901043687,0.5780019076641769,121327.0,67636.0,336,0.5197998096166436,79248.0,34760.0,333,0.5835690288503192,96595.0,54811.0,332,0.3775790631469967,60375.0,9179.0,332,0.25908203124999996,77873.0,0.0,333,0.548341469067462,92530.0,45940.0,333,0.5056660487555146,86778.0,35720.0,334,0.5851435052164043,138062.0,78708.0,330
82,660982.0,434721.0,226261.0,3965,2720,1245,0.3423103806155079,0.6288365883734148,0.44602581788295603,0.09496866558948713,0.956630453790529,0.14524714742610212,0,0.36710245058357627,0.5037389694193217,102809.0,41792.0,338,0.48135844206643874,71582.0,25964.0,327,0.40435657551765625,61509.0,13072.0,334,0.3755028888488784,61097.0,9226.0,332,0.28134765624999997,75717.0,0.0,334,0.4338012645575834,73630.0,20135.0,333,0.45926415803035514,75336.0,24416.0,330,0.6288365883734148,139302.0,91656.0,338
83,688483.0,488353.0,200130.0,3737,2673,1064,0.2906825586107423,0.6227687485329555,0.40601462554764944,0.11499105369351237,0.9257433500398954,0.19310952485391764,0,0.38646440251849334,0.5316531445493873,114134.0,52879.0,334,0.4013639016834327,57004.0,11740.0,327,0.30116343587037486,64432.0,1056.0,338,0.295845163911601,52239.0,224.0,330,0.28671874999999997,79383.0,0.0,336,0.45733997327509035,89570.0,27836.0,328,0.3512638865583538,79150.0,7860.0,332,0.6227687485329555,152571.0,98535.0,337
84,758528.0,455716.0,302812.0,4601,2808,1793,0.3992100489368877,0.6058517410021047,0.4866991428000329,0.0953627824309294,0.9630277838604258,0.12466217463297324,0,0.35794117090939165,0.5610841259549921,117949.0,61762.0,331,0.5334064217749175,74316.0,34532.0,333,0.38870257135667907,77498.0,13022.0,334,0.465630491356353,71917.0,23430.0,336,0.291650390625,78670.0,0.0,337,0.6058517410021047,112700.0,68972.0,330,0.5204018254466639,93925.0,41430.0,338,0.5268655748835529,131553.0,59664.0,333
85,672103.0,475340.0,196763.0,3558,2461,1097,0.29275721132028826,0.6120650330146208,0.4202679446533995,0.11060635716416245,0.9352227217691597,0.14604960102841358,0,0.35878592785000313,0.31161025588089386,94756.0,4088.0,331,0.47404888823827757,70180.0,25108.0,334,0.5532840661430762,87366.0,44436.0,334,0.33539565370250757,54220.0,4156.0,326,0.28110351562499997,68045.0,0.0,331,0.4204308144644795,81351.0,20357.0,335,0.37420533015834073,76867.0,11543.0,337,0.6120650330146208,139318.0,87075.0,331
86,703445.0,501560.0,201885.0,3893,2730,1163,0.28699471884795497,0.5197275760188566,0.4290619087405275,0.0820432643378523,0.9647263748356191,0.14232331596642211,0,0.312376846553616,0.5197275760188566,118515.0,50508.0,334,0.30720092882983063,50145.0,1824.0,335,0.47978157536144417,73524.0,26336.0,333,0.5008089861558496,78965.0,32616.0,335,0.2916015625,78033.0,0.0,330,0.48175781389312555,98138.0,36796.0,335,0.3996845474044297,82872.0,16425.0,336,0.45193227976068406,123253.0,37380.0,333
87,668183.0,443729.0,224454.0,3832,2705,1127,0.33591695688157236,0.6080029213974931,0.43986286289942833,0.10574258384679307,0.9453657354299134,0.15747575888641263,0,0.3292227502258913,0.6080029213974931,120156.0,74052.0,340,0.486794438644665,75404.0,27176.0,336,0.3020530623264884,52230.0,1408.0,330,0.36651982741266,60540.0,7800.0,334,0.288134765625,69035.0,0.0,336,0.49920252623271355,88737.0,34764.0,338,0.4385372326121934,81493.0,23654.0,337,0.529658128944213,120588.0,55600.0,340
88,666837.0,449205.0,217632.0,3797,2663,1134,0.32636461384116305,0.595197517824665,0.4416309433305645,0.0958828431491911,0.9549847908408674,0.13980421752242278,0,0.3382251824864384,0.595197517824665,120146.0,71004.0,328,0.4743654964846986,67064.0,23348.0,331,0.4269545731545016,79843.0,20460.0,335,0.39326118208268585,56774.0,10512.0,333,0.3385424152198625,78276.0,6676.0,337,0.5249689218143573,97398.0,43785.0,336,0.281689453125,62704.0,0.0,331,0.4980679869387453,104632.0,41847.0,333
89,717750.0,472233.0,245517.0,4122,2673,1449,0.34206478578892324,0.5662898950891517,0.4527251191604137,0.10585273657365753,0.9481654736472677,0.1257708115639149,0,0.34589713805330563,0.5662898950891517,118559.0,63420.0,328,0.5637145930440989,89248.0,47072.0,339,0.4429910965081472,73872.0,21292.0,332,0.44160619320627725,65038.0,18572.0,331,0.290771484375,70307.0,0.0,336,0.5384116390554072,101589.0,48440.0,336,0.28291015625,78772.0,0.0,329,0.49510589575522723,120365.0,46721.0,335
90,695955.0,498512.0,197443.0,3858,2802,1056,0.28370081398940983,0.5881930737484264,0.4261639585342699,0.10401505036070628,0.9437776956619746,0.13261938631089643,0,0.34746828295170534,0.3766505868986748,96724.0,14724.0,335,0.5881930737484264,83595.0,48183.0,336,0.424299072002264,75089.0,18425.0,338,0.31974058043017023,48905.0,2332.0,336,0.299560546875,83011.0,0.0,327,0.4495281325236567,83902.0,25878.0,333,0.36377110778336685,87960.0,9200.0,336,0.5875685680126004,136769.0,78701.0,333
91,761994.0,418892.0,343102.0,4546,2703,1843,0.45026863728585725,0.6506389469756042,0.49498927158766204,0.12058790014950835,0.9439756671962204,0.1658933666144351,0,0.3843395107679159,0.5845586355213036,123440.0,70288.0,335,0.5496466736522642,83397.0,41664.0,333,0.5861302478823133,98737.0,56484.0,335,0.29931640624999994,53520.0,0.0,333,0.31212144260112007,79670.0,1628.0,333,0.5109047393180364,91290.0,37981.0,335,0.46659708050065485,76663.0,26195.0,326,0.6506389469756042,155277.0,108862.0,331
92,703124.0,450839.0,252285.0,3846,2457,1389,0.3588058436349771,0.653002609385309,0.4431267969879312,0.11164446101709531,0.940311575144984,0.1725022897810342,0,0.3979641448952168,0.44675813671366715,106086.0,33096.0,340,0.45882478121072867,69234.0,22053.0,336,0.44388634951900696,69401.0,20907.0,335,0.42370341210119145,62546.0,16079.0,333,0.2926315018204862,69753.0,96.0,332,0.5367544601530606,91686.0,43441.0,333,0.289453125,69245.0,0.0,336,0.653002609385309,165173.0,116613.0,336
93,656648.0,416588.0,240060.0,3972,2615,1357,0.36558399629634086,0.588297770009695,0.45900190644270644,0.09995678547392349,0.9547234652092288,0.1524431658971015,0,0.33611413965756803,0.4169691257705318,92144.0,21592.0,330,0.5442762670320584,72758.0,35539.0,335,0.47526959160765697,76756.0,27753.0,338,0.3844900784085738,55100.0,9144.0,335,0.26337890625,51680.0,0.0,336,0.5579021055438084,98982.0,51036.0,332,0.44143140691932703,83806.0,22568.0,333,0.588297770009695,125422.0,72428.0,332
94,685910.0,472501.0,213409.0,3925,2728,1197,0.3111326558877982,0.5391393835972214,0.43939978207551933,0.08527580669289692,0.9637026392505079,0.13329992273038727,0,0.3350113902923295,0.536195518490692,116055.0,54234.0,330,0.4997421812024179,69161.0,27649.0,331,0.46642820896453063,80419.0,26124.0,329,0.3994658989256378,61938.0,12267.0,332,0.2853515625,79163.0,0.0,334,0.34385205885503606,69428.0,7696.0,336,0.4450234440686188,82661.0,24024.0,334,0.5391393835972214,127085.0,61415.0,333
95,727878.0,476727.0,251151.0,4133,2689,1444,0.34504546091515287,0.5845057651716277,0.4639479285435322,0.09615425568759782,0.9588155191039692,0.09013941896856315,0,0.3686145821389189,0.4734116501898138,107621.0,37357.0,331,0.5845057651716277,94294.0,53903.0,327,0.572310833416217,93941.0,51410.0,335,0.48425770666083745,72154.0,26611.0,338,0.285107421875,80635.0,0.0,331,0.3472552469274115,77749.0,8692.0,343,0.5036594672214976,83088.0,33892.0,334,0.461075336885852,118396.0,39286.0,337
96,681905.0,489123.0,192782.0,3652,2673,979,0.28271093480763404,0.6139143395890544,0.40903270235833006,0.11862791859518262,0.9224139534733147,0.17301181982827507,0,0.3560269896792309,0.6139143395890544,133954.0,84074.0,331,0.5385236373166855,77532.0,36888.0,336,0.287841796875,52185.0,0.0,331,0.3486682507164598,55830.0,5696.0,330,0.301220703125,78064.0,0.0,333,0.290185546875,77557.0,0.0,333,0.38666292718109846,77193.0,13764.0,331,0.5052444171883425,129590.0,52360.0,330
97,722587.0,475412.0,247175.0,4176,2832,1344,0.3420695362634529,0.6035335689045913,0.4388016192941593,0.10714348541837015,0.9437341641622546,0.18240796609958365,0,0.3558703752528086,0.6035335689045913,130180.0,79028.0,334,0.3761123799131412,56990.0,9076.0,335,0.43536940259719603,80191.0,20450.0,333,0.32682649698566674,60316.0,3136.0,332,0.4553984294769339,95428.0,28820.0,333,0.41557462387448646,83462.0,18200.0,327,0.295166015625,69764.0,0.0,330,0.6024320369762588,146256.0,88465.0,340
98,700241.0,399531.0,300710.0,4326,2435,1891,0.4294378649636333,0.6611589080435775,0.4755579961513745,0.12066730096688573,0.9395113028581805,0.182460574287995,0,0.37311518228677537,0.5022284032086693,103306.0,42146.0,333,0.5123129040329433,76185.0,31993.0,330,0.5491981312149952,87138.0,44093.0,334,0.27451171874999997,40970.0,0.0,335,0.3113819861352058,61605.0,2756.0,337,0.5528409006918137,93016.0,47091.0,334,0.4408310171337914,88181.0,24355.0,333,0.6611589080435775,149840.0,108276.0,330
99,729282.0,457026.0,272256.0,4292,2753,1539,0.37332060848889675,0.6358695242679557,0.46041470577060706,0.10492008444056719,0.9506335359604883,0.1444427532833661,0,0.3676215911003129,0.4751297635536994,108024.0,37636.0,337,0.572075837797295,94991.0,51773.0,329,0.4166667182517251,76671.0,17538.0,333,0.27622070312499997,52758.0,0.0,333,0.3951194777497644,85280.0,15016.0,333,0.4089216887929531,78164.0,17600.0,333,0.5033139326264641,90617.0,36812.0,330,0.6358695242679557,142777.0,95881.0,331
100,727892.0,457975.0,269917.0,4142,2799,1343,0.37082012166640055,0.6031778178738425,0.47017231174929774,0.076944157174652,0.9739169064187461,0.13776666043863628,0,0.35795398746676454,0.5515949602732249,120550.0,60636.0,334,0.46274189493722917,61098.0,20674.0,331,0.48744794510444334,85164.0,31911.0,329,0.368159676812648,72713.0,7576.0,333,0.36737982657393325,78575.0,10888.0,335,0.4880703824426116,91202.0,33904.0,335,0.43280598997644903,82805.0,21994.0,331,0.6031778178738425,135785.0,82334.0,332
101,724293.0,472640.0,251653.0,4032,2581,1451,0.34744640635764756,0.5977754074200535,0.45840280627685914,0.08865626885099039,0.9639441100733512,0.1233066245290233,0,0.3707148110773156,0.3040644342795161,93275.0,1660.0,332,0.4605857592803795,77152.0,24116.0,332,0.5431084645010021,95552.0,46459.0,334,0.43586988540011395,65456.0,18113.0,337,0.5243467841008935,93304.0,41628.0,331,0.4224994573109517,77342.0,19062.0,333,0.378972257921963,77080.0,14139.0,337,0.5977754074200535,145132.0,86476.0,329
102,725510.0,449238.0,276272.0,4219,2722,1497,0.38079695662361596,0.6546160367221165,0.4667087069134632,0.10023714676759977,0.9559058761327476,0.16874440049068906,0,0.40071300175075714,0.3773325549361075,100277.0,14912.0,336,0.35715264183172,52104.0,6200.0,334,0.487093565176733,71986.0,27822.0,328,0.5448084345353097,79688.0,38752.0,336,0.37070318056758866,77327.0,11297.0,337,0.5392143314985194,92522.0,44220.0,334,0.40274891003961105,87410.0,16648.0,328,0.6546160367221165,164196.0,116421.0,326
103,700230.0,407024.0,293206.0,4090,2427,1663,0.41872813218513855,0.6148124407979523,0.4731279179197197,0.09021691299527275,0.9649160638570384,0.20430144381131887,0,0.3639161393480334,0.6120760915741591,137447.0,85761.0,335,0.4466744907150752,62238.0,18768.0,336,0.40542277017647255,69943.0,14754.0,329,0.39339353618562456,46448.0,10268.0,333,0.36984715669659085,65496.0,11145.0,337,0.512734803388387,99437.0,42288.0,331,0.43006205382349594,78812.0,21817.0,333,0.6148124407979523,140409.0,88405.0,336
104,642731.0,434960.0,207771.0,3653,2624,1029,0.3232627646713783,0.6035209023827927,0.4267080619138338,0.11926512585149397,0.9275400675414436,0.15432681012740912,0,0.3299794565105781,0.6035209023827927,119753.0,73081.0,331,0.4637248453109377,63113.0,20352.0,335,0.45273011936785257,74350.0,23408.0,331,0.28554687500000003,52185.0,0.0,334,0.2830078125,67828.0,0.0,329,0.4601234500768001,79791.0,26558.0,334,0.293359375,67292.0,0.0,331,0.5716511156722874,118419.0,64372.0,336
105,711057.0,517329.0,193728.0,3970,2892,1078,0.2724507317978723,0.5592254835177385,0.4185602889585458,0.10273600344838357,0.9431772056488756,0.13820991144169859,0,0.34444779078371285,0.4584041125427818,109856.0,35801.0,331,0.4647182408471944,67353.0,22228.0,326,0.552940469524619,100654.0,50339.0,337,0.29643554687499996,57423.0,0.0,329,0.4159772083610328,98524.0,20669.0,333,0.303955078125,79916.0,0.0,335,0.296826171875,72624.0,0.0,334,0.5592254835177385,124707.0,64691.0,334
106,742845.0,449014.0,293831.0,4352,2668,1684,0.3955481964609031,0.6348497759439744,0.46580428076911956,0.11708471081068918,0.9405727263807868,0.1648966136946468,0,0.3820712890181281,0.5871550271221283,133816.0,76107.0,334,0.5571686391788636,90165.0,46340.0,335,0.40094218399560994,73457.0,15540.0,331,0.4247128680699413,62867.0,15564.0,337,0.31647543596200384,72883.0,3640.0,333,0.507034612755435,91681.0,38016.0,333,0.298095703125,70667.0,0.0,338,0.6348497759439744,147309.0,98624.0,334
107,697290.0,496475.0,200815.0,3810,2734,1076,0.2879935177616196,0.5479244871088726,0.4368605693531845,0.07476912147853494,0.9715409771276975,0.11872033156936124,0,0.32088191223302726,0.5479244871088726,118696.0,59516.0,335,0.44547933484520397,60080.0,17516.0,333,0.48487713573812485,92109.0,33509.0,334,0.4862745607034793,72023.0,26600.0,333,0.2958984375,87979.0,0.0,337,0.37727645745798216,76160.0,11741.0,334,0.38380687767545174,79163.0,13292.0,336,0.4733472637963614,111080.0,38641.0,334
108,654286.0,490844.0,163442.0,3395,2529,866,0.2498020743222379,0.49098946173644864,0.4143929458285172,0.07267373464756798,0.9701616799568433,0.11254138098629629,0,0.29941685716830185,0.480047579350078,110452.0,40744.0,334,0.45612974648784255,67996.0,21332.0,332,0.49098946173644864,71852.0,27467.0,334,0.42520623827912024,67921.0,16995.0,332,0.272607421875,64060.0,0.0,334,0.3886158213645816,80755.0,14336.0,339,0.3334061371883427,80056.0,5208.0,339,0.4681411603467236,111194.0,37360.0,334
109,694674.0,426437.0,268237.0,4414,2731,1683,0.38613363966407205,0.6313043377398332,0.4669536467494596,0.1059969502403457,0.9509974640158301,0.16140196696579956,0,0.36276761858541934,0.5603754219775344,118860.0,61200.0,339,0.42561541353725446,60939.0,15280.0,333,0.5312689023375665,86583.0,40031.0,331,0.4337467828857943,60158.0,16180.0,329,0.28627929687500003,71353.0,0.0,331,0.355042924474516,77286.0,8493.0,335,0.5119960941681779,79399.0,34060.0,331,0.6313043377398332,140096.0,92993.0,335
110,714027.0,410054.0,303973.0,4091,2627,1464,0.42571639447807935,0.6491209768629826,0.4757592654274689,0.11809623778259334,0.9419596635447307,0.18052241021698046,0,0.36997935028732415,0.6491209768629826,137018.0,95752.0,333,0.4362117472451389,63388.0,17256.0,338,0.4478811066258402,74807.0,22147.0,336,0.4175752882390388,55046.0,13186.0,336,0.277734375,69146.0,0.0,329,0.5702931103476666,101589.0,55245.0,334,0.3894162549103598,78342.0,14056.0,331,0.6178412641887241,134691.0,86331.0,339
111,730332.0,478140.0,252192.0,4180,2727,1453,0.34531144739652603,0.5849760796024794,0.4494383728760323,0.10554099626462186,0.9477375040064595,0.151257578745009,0,0.35654454798592583,0.5849760796024794,119809.0,68496.0,331,0.5074709597250496,78399.0,32554.0,326,0.535779577409943,88280.0,41612.0,337,0.3009765625,54023.0,0.0,330,0.280908203125,74454.0,0.0,336,0.45183866125300154,91570.0,27611.0,340,0.40019125657480464,82405.0,16424.0,332,0.5333656828179796,141392.0,65495.0,337
112,661706.0,472229.0,189477.0,3442,2470,972,0.28634620208974937,0.5809808420924609,0.4160495240993075,0.10363511004972675,0.9415775377342148,0.1555664449166243,0,0.3428882835803934,0.44258538251783874,102157.0,29212.0,332,0.5809808420924609,86612.0,48698.0,336,0.448474392866145,77346.0,23421.0,332,0.3025274512066986,49075.0,1312.0,333,0.277294921875,68982.0,0.0,334,0.40132792861453986,80458.0,16376.0,329,0.3287951799257,64940.0,5300.0,331,0.5464100936960765,132136.0,65158.0,334
113,791987.0,449361.0,342626.0,4824,2781,2043,0.4326156868736476,0.6535644693025993,0.4832973504317426,0.13247483517120584,0.9301164029386059,0.1606546256441077,0,0.3816738689696153,0.5316002703577489,114673.0,53083.0,331,0.6062415567981205,96665.0,59234.0,328,0.5544041053921545,105264.0,53148.0,330,0.279931640625,43133.0,0.0,337,0.298779296875,86553.0,0.0,337,0.38971711387958763,81913.0,14650.0,327,0.5521403502237302,109855.0,53692.0,332,0.6535644693025993,153931.0,108819.0,326
114,745653.0,378621.0,367032.0,4898,2752,2146,0.4922289590466336,0.6778425411719625,0.5123832213657464,0.10834329784679315,0.9572025258087296,0.19072360065606908,0,0.4049333510199822,0.5758577888515111,117195.0,65448.0,329,0.5156386604455011,71088.0,31096.0,335,0.3942442787881817,62200.0,12216.0,333,0.302392578125,54645.0,0.0,335,0.5148814967805841,96252.0,40106.0,336,0.5534062829345534,88599.0,44955.0,334,0.5648021438286777,88570.0,46933.0,330,0.6778425411719625,167104.0,126278.0,332
115,722131.0,447974.0,274157.0,4067,2616,1451,0.3796499527094109,0.6048365258439129,0.4634145987866053,0.10401473775520617,0.9520372289064912,0.15803244148222384,0,0.36474028658691426,0.5105769359730365,117083.0,48784.0,332,0.5899759611061117,86875.0,50027.0,332,0.4631396583424964,83311.0,26784.0,331,0.28271484375,44621.0,0.0,336,0.4760055021258193,87966.0,30965.0,330,0.3414035803124011,76232.0,6320.0,334,0.4386637828390644,82871.0,23905.0,329,0.6048365258439129,143172.0,87372.0,333
116,729068.0,443205.0,285863.0,4245,2661,1584,0.3920937415988626,0.6053443110173375,0.47228097993560425,0.09756364037532199,0.9590714783109152,0.14124608404154326,0,0.3708270265448659,0.5216922473249145,105464.0,46792.0,339,0.5723232833720482,83940.0,45816.0,334,0.5283643044470703,90464.0,41344.0,332,0.287109375,51847.0,0.0,330,0.4052004824732205,81363.0,18120.0,339,0.416225331796657,81175.0,19107.0,333,0.44198850405358625,86960.0,24304.0,332,0.6053443110173375,147855.0,90380.0,328
117,718054.0,470018.0,248036.0,4075,2754,1321,0.3454280597280979,0.6364359564996072,0.4545645486654678,0.10077679361079928,0.9531518912737429,0.15967462057171167,0,0.3836236010919253,0.6364359564996072,143424.0,96548.0,333,0.4647401189544643,53676.0,18440.0,335,0.47717058424688497,83203.0,29531.0,333,0.3347345627556057,65286.0,3324.0,335,0.29970703125,80068.0,0.0,336,0.5468450929081999,90580.0,44630.0,338,0.4479345159422645,85496.0,25496.0,331,0.4289485267667155,116321.0,30067.0,330
118,712957.0,451712.0,261245.0,4008,2677,1331,0.36642462308386003,0.5898869701439372,0.4565960670982994,0.09839909030601955,0.9556184602346348,0.17049117267941805,0,0.34828513416855134,0.5898869701439372,119894.0,69488.0,335,0.4137911540391448,66264.0,14524.0,332,0.44419015454756217,73929.0,22251.0,337,0.34254868239148467,52804.0,4741.0,329,0.29956054687499994,75094.0,0.0,331,0.46061412627623066,88297.0,28329.0,335,0.518181848546385,93560.0,40680.0,330,0.5839950539666507,143115.0,81232.0,335
119,749638.0,416866.0,332772.0,4529,2708,1821,0.44391026068582373,0.6120031165137383,0.5007297304902133,0.10821204367187984,0.9553808812316029,0.13568682484078964,0,0.34725763271106014,0.5893073497278316,120641.0,69840.0,335,0.5273283498046307,79722.0,36215.0,330,0.2998046875,66292.0,0.0,333,0.4755173602205669,70182.0,24417.0,330,0.3569726298382292,76907.0,8628.0,336,0.5922342997577716,103416.0,60504.0,333,0.552670050558938,100279.0,50675.0,330,0.6120031165137383,132199.0,82493.0,332
120,690662.0,414451.0,276211.0,4077,2522,1555,0.3999221037207774,0.6190654844745698,0.4689825332950389,0.11623135307854467,0.9421311798135688,0.14947977447724048,0,0.368593847380112,0.6190654844745698,123026.0,78759.0,332,0.5872831532314796,96612.0,55510.0,332,0.36881293925798425,65558.0,8792.0,333,0.49204321106827487,67923.0,26148.0,333,0.28599436436736175,63087.0,192.0,341,0.4255301882139627,76969.0,20068.0,335,0.3747597092622623,70657.0,11020.0,333,0.5983712164844157,126830.0,75722.0,334
121,763907.0,438920.0,324987.0,4532,2744,1788,0.4254274407748581,0.6060400673506574,0.500701882744157,0.0990710212763496,0.9623247212459104,0.10451648564550386,0,0.37034639543108944,0.5526871076539048,117567.0,59312.0,334,0.5521524758117435,80721.0,40708.0,333,0.525982102118548,79003.0,36100.0,335,0.6060400673506574,99078.0,60634.0,339,0.29350585937499996,77370.0,0.0,330,0.41860445932194196,89409.0,20676.0,339,0.4567679373262823,87787.0,27833.0,332,0.5998750529951773,132972.0,79724.0,335
122,743313.0,431827.0,311486.0,4531,2614,1917,0.4190509247113929,0.6078626742533693,0.48490038414782966,0.1103569124319373,0.9507549457714195,0.1572885513908675,0,0.367301416126293,0.6078626742533693,129277.0,79637.0,335,0.5899058523375211,86590.0,50282.0,335,0.43294762494445876,69489.0,18280.0,332,0.4278653689546691,62463.0,16541.0,332,0.28696289062499997,74305.0,0.0,334,0.585123918010075,103309.0,58942.0,335,0.38515760906187096,78143.0,14156.0,334,0.5633771349956731,139737.0,73648.0,336
123,696827.0,479654.0,217173.0,3829,2672,1157,0.31165985244544153,0.5161765162167409,0.44324683126813047,0.07256390899308439,0.9738985999142407,0.13479080890952821,0,0.3224984199093233,0.5161765162167409,109845.0,47524.0,332,0.45211449896337746,66879.0,20340.0,335,0.4841423136403001,83092.0,30991.0,330,0.382537112723535,58911.0,9368.0,335,0.278759765625,69724.0,0.0,338,0.49952071546826365,97757.0,38990.0,336,0.46014382688185157,87731.0,27508.0,334,0.4725799006259751,122888.0,42452.0,333
124,796742.0,410402.0,386340.0,4945,2673,2272,0.48489975424917914,0.6319398058646359,0.5219106120260544,0.10390817219980006,0.9618736539025097,0.1410651126713538,0,0.37704399441576913,0.5213214311424321,105052.0,46480.0,333,0.5567288734052358,80302.0,41216.0,330,0.5339091341957497,92801.0,43124.0,333,0.475755848108967,71426.0,25128.0,331,0.2783203125,74852.0,0.0,336,0.6242648883482315,121554.0,78867.0,334,0.5530446026431826,95187.0,48201.0,332,0.6319398058646359,155568.0,103324.0,331
125,676632.0,422315.0,254317.0,4125,2541,1584,0.3758571867721296,0.596468639450556,0.458681472725025,0.11285463749297953,0.9429190944094038,0.1550262919873726,0,0.35054273703912914,0.4471829255138568,96476.0,28908.0,331,0.5789559635732642,88177.0,49195.0,338,0.5818491383758098,96910.0,54628.0,336,0.34848733713230245,44908.0,5368.0,334,0.271728515625,65060.0,0.0,337,0.46366465672686974,83880.0,27440.0,337,0.3811146054025412,70800.0,11472.0,332,0.596468639450556,130421.0,77306.0,332
126,756357.0,437909.0,318448.0,4499,2719,1780,0.42102869412195504,0.5736330513801757,0.4954759510873563,0.09695509503508323,0.9631211775097196,0.09465949941628082,0,0.3646851796188902,0.5397171250686199,104740.0,50308.0,329,0.5736330513801757,96070.0,52604.0,332,0.5598538245440581,99136.0,51696.0,337,0.45923605084473385,79004.0,24011.0,333,0.27294921875,73430.0,0.0,337,0.5674645678610502,101391.0,54237.0,334,0.43640844468185647,77104.0,21600.0,330,0.5545453255683563,125482.0,63992.0,332
127,738643.0,439838.0,298805.0,4402,2719,1683,0.4045323654322854,0.6156584668821554,0.4710080736070601,0.11668463226612331,0.9421766864798725,0.16782481523550596,0,0.3715216295013213,0.6156584668821554,132372.0,83336.0,335,0.5539093090770297,85475.0,44132.0,334,0.3377500049297125,57052.0,4508.0,335,0.37795090766683903,56596.0,8840.0,335,0.288330078125,79312.0,0.0,331,0.4486326775182008,87179.0,26043.0,339,0.5671661578997613,110262.0,58432.0,336,0.5786669867577818,130395.0,73514.0,334
128,699117.0,476563.0,222554.0,3725,2570,1155,0.318335843642766,0.5977575511078219,0.424911443044289,0.11074960514189884,0.9363874090249852,0.1646929269349764,0,0.37054800964292917,0.5704646932363133,120940.0,65420.0,335,0.4383157232846109,72112.0,19540.0,331,0.3919616426496859,71616.0,13004.0,332,0.35971914748389733,56439.0,7700.0,340,0.27802734375,73192.0,0.0,335,0.29150390625,72260.0,0.0,331,0.47154153659198267,85733.0,29941.0,331,0.5977575511078219,146825.0,86949.0,331
129,733133.0,439892.0,293241.0,4409,2596,1813,0.39998335909036914,0.6013825646972741,0.46047948892262336,0.1359665240379396,0.9198063784282473,0.17302709740251743,0,0.3588394959964511,0.577346790084613,120782.0,66997.0,335,0.551919586274801,91720.0,46239.0,338,0.6013825646972741,108067.0,65234.0,337,0.280224609375,45015.0,0.0,330,0.26791992187499997,66159.0,0.0,329,0.3159722313734278,74107.0,1564.0,330,0.5177192291137633,90972.0,39284.0,332,0.5713509785871076,136311.0,73923.0,336
130,676997.0,444872.0,232125.0,3994,2575,1419,0.34287448836553136,0.6175322940402659,0.4355052970882353,0.13051985024786528,0.9175839041992258,0.15648832269566904,0,0.3559988207313951,0.5072556414439938,112161.0,46492.0,337,0.5701559260841519,84778.0,45790.0,330,0.6175322940402659,105764.0,67105.0,334,0.2794921875,48245.0,0.0,333,0.26132812499999997,67680.0,0.0,335,0.3113574511319527,67759.0,2492.0,334,0.40678307307559614,71277.0,15285.0,337,0.5301376784299221,119333.0,54961.0,331
131,666732.0,459598.0,207134.0,3575,2547,1028,0.3106705542856795,0.5372481735310113,0.4313769364999691,0.10216580905691436,0.946887621212392,0.14604556253487133,0,0.32246184032127156,0.5372481735310113,112016.0,53184.0,330,0.491759806274774,64576.0,24804.0,330,0.47657242802467015,75347.0,26785.0,333,0.270263671875,46083.0,0.0,332,0.25078125,71665.0,0.0,338,0.5049023271249625,98684.0,39516.0,329,0.4823020398066081,89295.0,32505.0,328,0.43718579536272634,109066.0,30340.0,334
132,707225.0,425906.0,281319.0,3921,2523,1398,0.3977786418749331,0.5979615923279382,0.45622119651546217,0.1301273848227933,0.9247653292402459,0.180351196578175,0,0.3586093554654234,0.5688018582435331,118182.0,63512.0,335,0.44023938605233165,63434.0,18368.0,331,0.4897890624753472,79233.0,29990.0,333,0.26791992187499997,49672.0,0.0,331,0.240673828125,73559.0,0.0,330,0.5953213107359652,99488.0,58791.0,332,0.44906261228858213,78533.0,24402.0,330,0.5979615923279382,145124.0,86256.0,340
133,676935.0,476782.0,200153.0,3503,2481,1022,0.29567536026354035,0.5275777561894806,0.4064422694750781,0.10965172102915363,0.9321544966172568,0.1803073781086808,0,0.33711612651619727,0.5205963204737125,122120.0,53950.0,335,0.4192718330274398,66915.0,15557.0,331,0.3646841365189925,66233.0,9267.0,331,0.25810546875,46678.0,0.0,338,0.21855468749999998,59610.0,0.0,332,0.4918300689044689,93626.0,36140.0,333,0.45091788443653025,97409.0,28631.0,336,0.5275777561894806,124344.0,56608.0,333
134,779628.0,420869.0,358759.0,4689,2568,2121,0.46016690011133454,0.6660350235468788,0.4732983645712967,0.15162333350048077,0.9069249217570359,0.19357886068740449,0,0.3871696248659231,0.606669279702283,141822.0,87068.0,337,0.5119076508833761,75219.0,31901.0,335,0.5015432660328203,92833.0,36767.0,329,0.25576171875,53640.0,0.0,338,0.20024414062499998,61443.0,0.0,333,0.5269547718170297,97845.0,44451.0,330,0.5172710652129858,99049.0,43099.0,336,0.6660350235468788,157777.0,115473.0,332
135,696395.0,434118.0,262277.0,4044,2802,1242,0.37662102685975574,0.5841773987474208,0.452822398201538,0.13049926557651403,0.9233150319908446,0.1322440927921651,0,0.33831792410978134,0.5692833196266818,107764.0,57996.0,329,0.45301606832312463,72094.0,22049.0,332,0.5570208119941891,88843.0,45669.0,332,0.283837890625,59121.0,0.0,334,0.20732421875,71102.0,0.0,333,0.5275581867087902,92896.0,42469.0,336,0.44036129083709785,76998.0,21585.0,331,0.5841773987474208,127577.0,72509.0,329
136,726622.0,452279.0,274343.0,4357,2806,1551,0.37755944631458943,0.6081501989963635,0.4576370474500372,0.13628890660241572,0.9185344292348361,0.12758559471086728,0,0.34260630403026615,0.6081501989963635,115580.0,71232.0,336,0.5820386683445797,87410.0,49306.0,328,0.29805791303223883,58268.0,576.0,330,0.3770274996875155,77004.0,9088.0,336,0.210595703125,81143.0,0.0,332,0.5044296177737576,96387.0,39324.0,337,0.5122371815901762,81538.0,34993.0,333,0.5685595970506662,129292.0,69824.0,330
137,686436.0,492445.0,193991.0,3936,2819,1117,0.28260609874773424,0.5552533642970253,0.41603112457602054,0.10958724327484382,0.9351165264613098,0.1355100839699548,0,0.3507123742107538,0.5194990107928994,108047.0,47654.0,336,0.5311862569876058,74328.0,34389.0,327,0.45743367892535103,79340.0,24292.0,341,0.36093321620965424,56513.0,6876.0,331,0.240625,78037.0,0.0,330,0.3702032350206285,77347.0,10928.0,338,0.293115234375,75733.0,0.0,334,0.5552533642970253,137091.0,69852.0,335
138,717543.0,471823.0,245720.0,4132,2707,1425,0.34244637603600014,0.5962557244734608,0.4464974869868826,0.11683760135149873,0.9359139991872698,0.139587279089894,0,0.37923345316624857,0.5962557244734608,139164.0,82266.0,335,0.5546325836759736,81292.0,41423.0,334,0.5264164305875507,75308.0,34124.0,335,0.4452177307893521,68328.0,19985.0,333,0.235693359375,77546.0,0.0,337,0.3044451096711392,67483.0,1628.0,332,0.41022805831538645,89390.0,18886.0,339,0.4990908990071981,119032.0,47408.0,330
139,692859.0,474842.0,218017.0,3902,2707,1195,0.3146628679139618,0.6221778602361561,0.4293970829655691,0.1256519174268812,0.9211251240340756,0.1466241688424339,0,0.35830408680152687,0.6221778602361561,125231.0,80730.0,333,0.5360951210568454,77381.0,37264.0,338,0.42986563466200034,68891.0,18539.0,327,0.44211350397361054,58684.0,16628.0,333,0.2537109375,85575.0,0.0,330,0.296533203125,72785.0,0.0,336,0.30678002012818467,75516.0,1024.0,329,0.5479003830427556,128796.0,63832.0,333
140,700830.0,493436.0,207394.0,3834,2734,1100,0.2959262588644888,0.5327547524980001,0.42383304060807914,0.10545653750387632,0.9416998214617426,0.15605995747898893,0,0.33566914050925317,0.5251930356480481,117950.0,53100.0,335,0.5023187664695581,74854.0,29894.0,337,0.29799804687500003,63590.0,0.0,336,0.3948160829080192,56025.0,10936.0,335,0.245947265625,78092.0,0.0,329,0.3703715786336087,84790.0,11561.0,335,0.5327547524980001,91373.0,42535.0,332,0.5212647962073986,134156.0,59368.0,338
141,680790.0,428141.0,252649.0,4234,2663,1571,0.37111150281290795,0.5961709210359222,0.46212126179340396,0.11241830727202141,0.9441281405454166,0.1248578856916227,0,0.34609926206310965,0.4696321720652528,93296.0,31980.0,333,0.5961709210359222,84915.0,50307.0,334,0.5012075754214701,72128.0,28800.0,338,0.3828243535427815,62712.0,10676.0,335,0.2443359375,69079.0,0.0,331,0.5820810621352817,108175.0,61567.0,332,0.3784001138708977,70255.0,11016.0,334,0.5423179587756259,120230.0,58303.0,338
142,683342.0,466154.0,217188.0,3817,2627,1190,0.31783206652013146,0.6085386145475005,0.44029698147312224,0.10616210130452558,0.9450578093260016,0.1274789929493576,0,0.33517939343572734,0.4512666905569058,111796.0,33560.0,333,0.5392927981932448,73381.0,36280.0,336,0.4939589060092411,81449.0,31858.0,332,0.4217608005524418,60436.0,15408.0,329,0.27509765625,83943.0,0.0,336,0.2939405216446756,68816.0,416.0,335,0.43851986403096843,79092.0,22908.0,334,0.6085386145475005,124429.0,76758.0,325
143,765664.0,473481.0,292183.0,4578,2927,1651,0.3816073368997362,0.6478855737709467,0.465377397711644,0.11611981562600658,0.941390004907808,0.14470773080620192,0,0.39079530703911947,0.6036426558172324,121674.0,74782.0,336,0.4090545037397303,66833.0,13872.0,325,0.5086428967174577,92417.0,38456.0,336,0.5013576962513462,74601.0,29584.0,333,0.28330078124999997,83023.0,0.0,335,0.34653556609405334,81767.0,6620.0,336,0.42259950805238544,91254.0,21609.0,333,0.6478855737709467,154095.0,107260.0,331
144,729405.0,457910.0,271495.0,4208,2810,1398,0.37221433908459584,0.5873570791914597,0.46304306457903915,0.11135999614160688,0.9453240480116454,0.1602365969523103,0,0.35148069767657797,0.5616721250998575,129870.0,67396.0,341,0.42474043996710314,59584.0,15092.0,334,0.32322855710235027,65642.0,3088.0,333,0.3766945579173579,65594.0,10055.0,332,0.30439453125,85943.0,0.0,334,0.5498643602005406,92212.0,46108.0,335,0.5873570791914597,98134.0,56514.0,335,0.5763928659036441,132426.0,73242.0,338
145,753567.0,447137.0,306430.0,4379,2703,1676,0.40663935655356404,0.6239257285414317,0.48332745101251295,0.09931736048749701,0.9594859164709811,0.1392343016612987,0,0.36493440188020454,0.6239257285414317,134325.0,87062.0,333,0.527931165384941,83457.0,37833.0,336,0.5323348591210627,92605.0,43085.0,327,0.41903055173390874,65167.0,15501.0,336,0.3295493596104122,75665.0,4952.0,334,0.5437219586612851,94970.0,46274.0,334,0.34408085313485004,74868.0,6542.0,334,0.5460451319122124,132510.0,65181.0,332
146,687070.0,425484.0,261586.0,4065,2614,1451,0.38072685461452194,0.6246490811039134,0.47423074415741373,0.09733223155790204,0.9595783183616424,0.128227837047171,0,0.366512577603131,0.4573178646446564,97670.0,30988.0,330,0.4519027317227199,63330.0,19240.0,336,0.5180509134853439,78754.0,34314.0,331,0.565969087238474,76535.0,40824.0,333,0.3283660354978137,80512.0,4088.0,336,0.3352567207624604,69256.0,6040.0,332,0.5123335188039284,79036.0,33865.0,333,0.6246490811039134,141977.0,92227.0,333
147,720863.0,467452.0,253411.0,4206,2706,1500,0.3515383644326309,0.5298682089225939,0.4681386667091724,0.07375976018384213,0.9757763135091502,0.10876494562767114,0,0.3290907174066944,0.5217193010261919,120372.0,53166.0,330,0.5267998335414036,76896.0,34880.0,333,0.5228065896263963,90076.0,40271.0,335,0.5210996962731106,75497.0,33311.0,335,0.365216894796634,72124.0,10316.0,340,0.35586347779576577,80452.0,8093.0,332,0.4017353316912834,81580.0,16392.0,332,0.5298682089225939,123866.0,56982.0,332
148,732713.0,445085.0,287628.0,4172,2665,1507,0.39255206335904996,0.600878845620978,0.4854294155162285,0.07088419753733437,0.9791222545527878,0.11969574035126973,0,0.35676846015364155,0.600878845620978,125636.0,76449.0,334,0.5958475785839912,90381.0,53478.0,332,0.45264646641247513,81550.0,24817.0,331,0.3840926460597812,59064.0,9951.0,330,0.45655255301867215,89818.0,27412.0,335,0.43832180200137383,77784.0,21997.0,332,0.48634284654613735,89029.0,33232.0,338,0.46875258588641855,119451.0,40292.0,332
149,714936.0,476126.0,238810.0,3898,2565,1333,0.3340298991797862,0.5630938791474038,0.4544116751846087,0.0849008177095354,0.9662694791916765,0.12900735170700584,0,0.3483233869242398,0.3773290905475712,106833.0,16460.0,330,0.5630938791474038,89348.0,47040.0,337,0.45380214623590787,79488.0,24544.0,336,0.3654983899227814,52579.0,8120.0,334,0.3173568682362281,72722.0,3121.0,332,0.5048755787037016,95040.0,39017.0,336,0.5158772305606485,92406.0,40384.0,332,0.5374602181226269,126520.0,60124.0,330
150,710759.0,485690.0,225069.0,4133,2730,1403,0.31666007746648256,0.5594477762318898,0.45316075647798215,0.06751516521030025,0.9782848216767606,0.09303346844711058,0,0.340562371749985,0.4781861045068159,100859.0,35835.0,333,0.5594477762318898,87396.0,45375.0,337,0.34273716078333033,69830.0,6296.0,337,0.4393692887247802,74327.0,20246.0,329,0.41013944136845304,82268.0,17672.0,328,0.5460299008465951,103569.0,50861.0,335,0.430288231484788,78368.0,20528.0,327,0.4190881478772045,114142.0,28256.0,335
151,692269.0,450816.0,241453.0,3989,2689,1300,0.3487849376470702,0.5726349742860206,0.46121698659307,0.0586868851681398,0.9840670488927871,0.15163198843224213,0,0.34034669202756274,0.5726349742860206,129696.0,70694.0,331,0.3968859009080056,57048.0,11188.0,332,0.4988086273666068,78435.0,30942.0,331,0.4741135176533967,64244.0,23162.0,338,0.41365178859788043,81569.0,18756.0,337,0.4063390024406379,75134.0,15950.0,333,0.41817904416948526,79785.0,18702.0,333,0.5091230373225264,126358.0,52059.0,332
152,729148.0,419193.0,309955.0,4424,2623,1801,0.4250920252129877,0.6416564142713319,0.48066559833091227,0.12195320288763008,0.9395207080504576,0.15535323418565206,0,0.3553030836987023,0.5575955938783779,110755.0,57060.0,332,0.585236972648494,90692.0,51640.0,338,0.42804102193223903,75558.0,19504.0,338,0.290185546875,51483.0,0.0,335,0.29746992912523035,69987.0,384.0,335,0.5290766187690319,95551.0,43777.0,333,0.5160626891475928,92066.0,39838.0,334,0.6416564142713319,143056.0,97752.0,332
153,726989.0,439944.0,287045.0,4198,2664,1534,0.3948409123109147,0.6107260165046255,0.47343309409813805,0.1012095515112044,0.9562962956898352,0.15611085587264717,0,0.3450816627527482,0.5584559126210071,128296.0,66656.0,335,0.4733818590337477,70696.0,24501.0,334,0.45014035072374625,69672.0,20996.0,331,0.29497937083949705,54080.0,96.0,329,0.3420603226159029,77338.0,7480.0,331,0.6107260165046255,106135.0,66020.0,330,0.5226442096479333,99016.0,44052.0,337,0.5350767107986445,121756.0,57244.0,334
154,682526.0,465169.0,217357.0,3698,2541,1157,0.3184596630751058,0.5919407208774692,0.4302335104076312,0.10225625312965436,0.9465305264724029,0.16971331495063913,0,0.34709941424072266,0.4214177467572924,102692.0,25900.0,330,0.464250100292278,69796.0,22928.0,336,0.4323733586225769,73928.0,19500.0,336,0.28110351562499997,42696.0,0.0,332,0.289013671875,68025.0,0.0,333,0.54777335877403,100229.0,49629.0,335,0.4139956104374031,90214.0,20568.0,333,0.5919407208774692,134946.0,78832.0,333
155,719474.0,450754.0,268720.0,4116,2527,1589,0.37349508112871294,0.582338416219023,0.4601926099416624,0.10938325635848005,0.9465245673079039,0.14330712437141568,0,0.3527986581482511,0.479016705687354,115537.0,40644.0,329,0.582338416219023,92336.0,52140.0,337,0.5119161839246898,88384.0,37460.0,328,0.29599609375,58123.0,0.0,331,0.26352539062499997,54887.0,0.0,334,0.5157803571784079,100454.0,43352.0,334,0.4797251818268531,85160.0,31983.0,331,0.5532425503219713,124593.0,63141.0,339
156,690799.0,497420.0,193379.0,3581,2607,974,0.27993526336893904,0.5297151870137746,0.41533422057583325,0.09123241039654167,0.9539703426435009,0.14358789604501432,0,0.32332929709204544,0.5297151870137746,121729.0,55926.0,334,0.43025037544849754,68980.0,19000.0,329,0.34030492894116127,65298.0,6488.0,338,0.3567144106430322,61276.0,7124.0,332,0.258251953125,74683.0,0.0,335,0.5036224776556916,90739.0,36953.0,334,0.3845617456756251,84492.0,13712.0,336,0.5192526861038841,123602.0,54176.0,337
157,705891.0,413412.0,292479.0,4469,2755,1714,0.4143401743328638,0.6341228515965974,0.4726062065693283,0.12671813361077577,0.9329300797070398,0.15772601577297318,0,0.36011559389608316,0.5825909361618591,113614.0,64379.0,335,0.5296902733395867,82186.0,36936.0,334,0.36954918490967154,67366.0,8660.0,325,0.33715995228227846,54993.0,4028.0,338,0.252392578125,68432.0,0.0,335,0.5610112455273443,93904.0,49020.0,331,0.5143326306122888,87932.0,37556.0,327,0.6341228515965974,137464.0,91900.0,335
158,717358.0,445668.0,271690.0,4150,2560,1590,0.3787369765166062,0.6524963783875793,0.44901626737345396,0.1259809968253335,0.9270244901235403,0.17328795385288775,0,0.38915595253867147,0.5067315681519511,118239.0,48772.0,336,0.5398941785539602,81155.0,38961.0,326,0.3326228441545069,66941.0,4348.0,334,0.38005407580003125,61560.0,9724.0,335,0.240234375,66571.0,0.0,336,0.5448744812851776,97356.0,47680.0,328,0.39522223765442527,73012.0,14632.0,332,0.6524963783875793,152524.0,107573.0,332
159,705326.0,473393.0,231933.0,3808,2603,1205,0.3288309235729289,0.6087527701041232,0.4348804428747599,0.12573664174655982,0.9228534188096928,0.138581308501317,0,0.35384117884615857,0.6087527701041232,131764.0,81365.0,332,0.5393381782016842,81500.0,39036.0,333,0.3180982072959694,63909.0,2332.0,327,0.517898102947661,71545.0,31200.0,332,0.23305664062499998,70524.0,0.0,328,0.46343524979287126,88412.0,29236.0,337,0.29746093749999997,76811.0,0.0,337,0.5010034565307702,120861.0,48764.0,334
160,722753.0,478813.0,243940.0,4073,2724,1349,0.3375150293392067,0.577618232381684,0.4536169793418229,0.09786467164875799,0.9555250606393665,0.1292777408049497,0,0.337247279736378,0.4695567755202666,105985.0,35972.0,334,0.577618232381684,85536.0,47476.0,332,0.42605324696460745,72293.0,18988.0,332,0.362935399358889,53384.0,7392.0,329,0.25869140625,80937.0,0.0,332,0.5527814936845072,98488.0,49638.0,332,0.5174287329112275,100084.0,43102.0,332,0.4638705476634013,126046.0,41372.0,337
161,690190.0,457572.0,232618.0,3704,2440,1264,0.3370347295672201,0.6130313078494946,0.43198946118293613,0.131785852988749,0.9148577985959851,0.15877729320911604,0,0.3732014611627546,0.588287445070642,120197.0,69373.0,334,0.4571513124048875,57828.0,19192.0,334,0.6130313078494946,117830.0,72998.0,332,0.28989257812499997,50947.0,0.0,336,0.23012695312499998,69800.0,0.0,329,0.40206488097041937,82490.0,17032.0,339,0.5356640344615539,94736.0,44735.0,337,0.3396971774564917,96362.0,9288.0,339
162,651957.0,486147.0,165810.0,3757,2797,960,0.2543265890235088,0.5329974220310212,0.4232632318938863,0.09189373371796954,0.954985989419824,0.09736665915083331,0,0.3060145180175283,0.5329974220310212,104151.0,48544.0,335,0.4837701402539154,74276.0,26429.0,329,0.4734086926485218,58172.0,22152.0,335,0.486956782113128,70854.0,25573.0,330,0.24648437499999998,76234.0,0.0,331,0.4460503236499074,84698.0,24608.0,334,0.408468676112825,83161.0,17992.0,324,0.30796944334177156,100411.0,512.0,330
163,719407.0,431310.0,288097.0,4301,2762,1539,0.40046454927461034,0.6264757755225199,0.4763091895748719,0.10432275246492517,0.9542247393933402,0.15410313633311867,0,0.3388621481644117,0.5745114528740107,117536.0,64507.0,334,0.47649929013779035,59337.0,21676.0,333,0.42404471755239964,84779.0,19112.0,330,0.4716779419429149,66855.0,22942.0,336,0.24970703125,76589.0,0.0,334,0.48482758485008204,93319.0,35152.0,335,0.5027297224692576,79132.0,32108.0,335,0.6264757755225199,141860.0,92600.0,333
164,662413.0,430006.0,232407.0,3561,2385,1176,0.35084909263556063,0.5952579216778828,0.447107719025455,0.10335488484985454,0.9492741498282781,0.14941754615323055,0,0.32290530603142914,0.4633501810801114,100508.0,32836.0,332,0.46927638816378026,67040.0,22965.0,334,0.5178697261673315,75621.0,33660.0,334,0.4501261387765182,59576.0,18202.0,335,0.215771484375,56393.0,0.0,334,0.38901240202393444,83056.0,16100.0,327,0.47619750993908094,91487.0,32588.0,337,0.5952579216778828,128732.0,76056.0,333
165,665400.0,502746.0,162654.0,3514,2721,793,0.24444544634806092,0.5126439340641706,0.40564916148024743,0.08873877956574398,0.9543306720310519,0.10710174331229316,0,0.317740926861017,0.5126439340641706,112291.0,47756.0,334,0.4123594750358716,66031.0,14516.0,334,0.41410726577853574,67166.0,15466.0,335,0.4819122869318156,70400.0,25572.0,331,0.208154296875,75262.0,0.0,331,0.4391452609676295,92357.0,24728.0,330,0.33895197403598115,79485.0,6068.0,338,0.43791879815297496,102408.0,28548.0,332
166,712972.0,464247.0,248725.0,3905,2677,1228,0.3488566170901517,0.6547336022372245,0.43001595564501893,0.13445466383301305,0.9109419270412136,0.15895680335272622,0,0.376017803418091,0.5492009540516137,116081.0,57889.0,330,0.5251087948919949,76289.0,34369.0,339,0.3931326368752537,76001.0,13904.0,331,0.299853515625,55339.0,0.0,336,0.20986328124999998,75401.0,0.0,337,0.4413156364717939,82948.0,23468.0,334,0.36691922375727076,78386.0,11180.0,334,0.6547336022372245,152527.0,107915.0,330
167,675208.0,437648.0,237560.0,3825,2612,1213,0.35183232426156036,0.6242599550392203,0.4282872002510243,0.1399568172587727,0.9035163065484934,0.17048339178445726,0,0.3418879426645766,0.5712195622540693,118810.0,64482.0,329,0.436857238131531,64288.0,17584.0,328,0.3253751801096922,64544.0,3616.0,328,0.31042828920949955,52296.0,1152.0,334,0.20170898437499998,67940.0,0.0,330,0.38606087018997953,77475.0,13320.0,333,0.5703875226992023,102633.0,54900.0,337,0.6242599550392203,127222.0,82506.0,331
168,682828.0,407459.0,275369.0,4099,2578,1521,0.4032772528367313,0.5775039317718804,0.4708114726087622,0.12334038957833401,0.9357772302549998,0.16130929018727969,0,0.3308391061725778,0.5428020868690472,116372.0,56488.0,334,0.5066500616067249,60312.0,25192.0,336,0.5487155727665083,83594.0,41819.0,334,0.3367521455405364,43688.0,4120.0,336,0.199951171875,74418.0,0.0,333,0.5775039317718804,94741.0,52582.0,337,0.5347652333654505,89768.0,42517.0,335,0.5193515770749502,119935.0,52651.0,336
169,657514.0,442756.0,214758.0,3642,2684,958,0.3266211822105684,0.5964099604650737,0.4137662279847827,0.14193326128029096,0.8947200969877946,0.1891959714926219,0,0.3431748821149728,0.5630427701490951,117482.0,61840.0,335,0.4015549406840767,59878.0,12308.0,332,0.35610217185696824,57194.0,6652.0,331,0.28037109374999997,45160.0,0.0,335,0.2197265625,78969.0,0.0,331,0.595559043223048,100152.0,59231.0,340,0.29736328125,72584.0,0.0,334,0.5964099604650737,126095.0,74727.0,330
170,740203.0,457315.0,282888.0,4269,2654,1615,0.3821762408420387,0.617735772394572,0.44606986961094197,0.1344882590368334,0.9166744670786603,0.17245421188511778,0,0.40151396702909153,0.5917143828447505,120144.0,70072.0,331,0.5437824518941733,83176.0,40375.0,331,0.4884752636637547,76992.0,30556.0,327,0.29672851562499997,56392.0,0.0,328,0.206689453125,73470.0,0.0,337,0.4304667347049952,85891.0,22437.0,329,0.3929663826352903,79532.0,14508.0,332,0.617735772394572,164606.0,104940.0,338
171,744313.0,445472.0,298841.0,4360,2675,1685,0.40149910051282134,0.5957198531420969,0.45840066566681115,0.143735211931561,0.9104825888993681,0.16584202479333277,0,0.37356202266068395,0.5830114985626774,128016.0,72460.0,332,0.5867068212292887,92476.0,53027.0,334,0.30965135214599676,68820.0,448.0,331,0.4822098243399531,72836.0,25732.0,328,0.19833984375,67816.0,0.0,332,0.34602644520646786,68155.0,7412.0,332,0.5655396869580084,93406.0,49606.0,327,0.5957198531420969,152788.0,90156.0,335
172,723679.0,440304.0,283375.0,4341,2725,1616,0.39157554661666233,0.6039924273830997,0.4688168168395952,0.12067304094920975,0.9378625609216374,0.12273311095112582,0,0.34710242811658837,0.5782924129245786,113612.0,63268.0,333,0.49114104064167524,74950.0,28674.0,335,0.5488658968516024,86825.0,43241.0,327,0.4411622671383061,64067.0,18388.0,333,0.20224609375,77243.0,0.0,336,0.3871285001798301,86192.0,14060.0,338,0.4977058958476692,87180.0,34472.0,333,0.6039924273830997,133610.0,81272.0,332
173,639126.0,448622.0,190504.0,3635,2574,1061,0.29806955123089923,0.5735714275048549,0.42052209289801634,0.11379954510900647,0.9317646171240278,0.14275510619189302,0,0.3188828485242634,0.49833265544379335,101653.0,40352.0,334,0.487596687603158,64523.0,24196.0,335,0.4580894713402046,69396.0,21928.0,336,0.31454034969510436,53174.0,2076.0,326,0.19189453125,65868.0,0.0,333,0.37154381084839955,71900.0,10288.0,331,0.5735714275048549,94177.0,51749.0,332,0.46860780949861597,118435.0,39915.0,330
174,687440.0,453237.0,234203.0,3677,2648,1029,0.3406886419178396,0.5987696927593371,0.4326998895691627,0.12835344655890127,0.9191246941770096,0.15693333236355156,0,0.3443284082793745,0.5415219664662543,107280.0,51800.0,331,0.410802102184075,58885.0,14067.0,336,0.4427582046289329,70648.0,20730.0,337,0.35059866699830905,59018.0,5667.0,339,0.19873046875,72564.0,0.0,334,0.5794316839499034,98096.0,54851.0,332,0.3389863308164901,87080.0,7096.0,336,0.5987696927593371,133869.0,79992.0,334
175,691862.0,452567.0,239295.0,3847,2590,1257,0.3458709973954338,0.5452333834212026,0.4424385254012317,0.11233020306947683,0.9394438778033154,0.14042901619108994,0,0.34506280147019935,0.5204825812741598,109677.0,48428.0,334,0.5093820049894575,91139.0,37160.0,339,0.5087487450378485,86656.0,35764.0,334,0.35392498788519827,41691.0,6072.0,338,0.188232421875,64706.0,0.0,327,0.5452333834212026,93128.0,45658.0,330,0.4210916885837146,87546.0,20997.0,338,0.4924123901432722,117319.0,45216.0,336
176,726439.0,438976.0,287463.0,4270,2641,1629,0.39571526308471816,0.6390996548081148,0.4469743329060739,0.1478293952647643,0.9014005996291412,0.18441104483652415,0,0.3905930061577707,0.5916832302876318,123777.0,72159.0,333,0.6390996548081148,109579.0,74295.0,333,0.3720386085112699,70624.0,10196.0,336,0.26982421875,41452.0,0.0,338,0.21313476562499997,82238.0,0.0,333,0.3925289499857899,70380.0,14344.0,335,0.5202900228706072,89744.0,39592.0,335,0.5771952124101778,138645.0,76877.0,335
177,717750.0,473234.0,244516.0,4137,2872,1265,0.34067014977359755,0.673486773982171,0.4107231373861744,0.1557686884066108,0.8742526234672172,0.18607349355625202,0,0.39527957411916254,0.6336963963403223,128536.0,85784.0,333,0.43715110683349157,62340.0,17100.0,334,0.29619140625,64631.0,0.0,340,0.35029547638073566,74616.0,4540.0,333,0.19775390625,69596.0,0.0,341,0.3976386726603976,84551.0,15743.0,332,0.2995713603922772,71069.0,64.0,331,0.673486773982171,162411.0,121285.0,331
178,733696.0,411273.0,322423.0,4741,2617,2124,0.43945039907536576,0.6431675005833073,0.4765402787616282,0.13236523972319184,0.928373855598404,0.18619462284106758,0,0.3830386260981374,0.5871931286455974,124808.0,71688.0,336,0.4306650317928013,52390.0,14612.0,328,0.39851060329968335,72774.0,14004.0,335,0.5372384096054498,77863.0,36967.0,329,0.194091796875,66300.0,0.0,333,0.45521387869617247,86297.0,26671.0,332,0.566241880595014,98972.0,52585.0,335,0.6431675005833073,154292.0,105896.0,336
179,772005.0,432774.0,339231.0,4765,2658,2107,0.4394155478267622,0.6113790414492208,0.4917411667503006,0.1319976197228237,0.9327886933669713,0.12666352549530102,0,0.3746394565880705,0.6113790414492208,133368.0,83056.0,333,0.3952407900142663,66365.0,11896.0,337,0.5674599122835322,88034.0,47478.0,330,0.5833187279473415,81056.0,46808.0,330,0.1939453125,80040.0,0.0,332,0.5957809986891132,107561.0,63629.0,334,0.4607719600242165,88982.0,29133.0,342,0.5260325910947146,126599.0,57231.0,332
180,683408.0,468595.0,214813.0,3737,2589,1148,0.31432614192400393,0.5866726878156543,0.41529517162076335,0.12577586130659357,0.9159828085843743,0.15985180155924406,0,0.3550889771839328,0.5866726878156543,123750.0,71024.0,334,0.42300035074166686,62056.0,15284.0,335,0.3286655825825287,66075.0,5240.0,339,0.45051805044778004,65294.0,19184.0,336,0.202490234375,75359.0,0.0,335,0.469531242591522,85681.0,30231.0,336,0.28989257812499997,69308.0,0.0,331,0.5715906462869549,135885.0,73850.0,330
181,704055.0,462055.0,242000.0,4197,2782,1415,0.3437231466291691,0.5895317140070742,0.44407795755951396,0.12892623263960076,0.922264459235893,0.11318345157693632,0,0.3463985679032556,0.5635985103139005,106028.0,55908.0,333,0.5334171540190122,77096.0,35976.0,334,0.42937865573966694,77615.0,19136.0,338,0.5391009241372078,76612.0,36636.0,335,0.217138671875,78182.0,0.0,332,0.280078125,67917.0,0.0,336,0.40037990538425033,86919.0,16618.0,332,0.5895317140070742,133686.0,77726.0,331
182,677934.0,518585.0,159349.0,3665,2775,890,0.2350509046603353,0.5531059288459106,0.39449953790075915,0.09790867497039205,0.9419783253735717,0.15462198385093506,0,0.3361050991626179,0.47099191116064676,108336.0,37028.0,333,0.47963662611620006,67976.0,24880.0,329,0.3213211536752165,63634.0,2844.0,330,0.3708903605208892,52661.0,8284.0,335,0.219677734375,81516.0,0.0,335,0.3504876258389258,95360.0,7096.0,336,0.389884962673284,79890.0,14276.0,332,0.5531059288459106,128561.0,64941.0,332
183,774855.0,433013.0,341842.0,4749,2850,1899,0.44116899290835,0.6147775792784133,0.4932065172312662,0.12300257249628176,0.941444778652618,0.14585583754379838,0,0.3540760186376087,0.6047218952087575,124018.0,75582.0,339,0.49349191161259964,71304.0,27308.0,331,0.5367884156989795,86127.0,40670.0,334,0.35880422827467245,55120.0,5912.0,336,0.24384765625,89297.0,0.0,331,0.6012667338492208,115900.0,70309.0,332,0.4919537176774861,100873.0,38785.0,333,0.6147775792784133,132216.0,83276.0,332
184,646975.0,452875.0,194100.0,3566,2558,1008,0.3000115924108345,0.5943553255366563,0.4093620910486323,0.11817061112004183,0.9230793812589685,0.17012770972603253,0,0.3559038126032428,0.5943553255366563,124241.0,73142.0,338,0.45035977956870815,69924.0,21048.0,335,0.3697982530804138,61680.0,9044.0,338,0.30920567927193576,46191.0,1500.0,327,0.224853515625,73106.0,0.0,329,0.32765598185863887,70290.0,3730.0,332,0.4388973157022134,79081.0,21976.0,333,0.5597708777454924,122462.0,63660.0,337
185,746093.0,445642.0,300451.0,4383,2706,1677,0.40269912732058816,0.6367723731837871,0.4692698580132394,0.11200953876174644,0.9460984763051732,0.15670616799782322,0,0.3968311935243457,0.5691834428493678,119465.0,64316.0,337,0.49660960420323197,71784.0,28332.0,330,0.46806919355570215,78183.0,25952.0,337,0.439404996232321,66188.0,17898.0,331,0.2232421875,75938.0,0.0,335,0.4592417399204633,87611.0,28339.0,333,0.46163532666104157,87509.0,28272.0,335,0.6367723731837871,159415.0,107342.0,328
186,728050.0,442245.0,285805.0,4150,2631,1519,0.3925623240162071,0.5916999508418314,0.46137735268269664,0.122500648892269,0.9341464486828405,0.1532144083510747,0,0.3642773727737365,0.5739775985282749,132347.0,72559.0,336,0.4719826581433868,72291.0,24795.0,330,0.33322818610135135,65465.0,4504.0,333,0.42246238529261104,67553.0,16552.0,329,0.216796875,69288.0,0.0,330,0.5373208671471582,100127.0,47192.0,334,0.5435503004069595,90787.0,44249.0,332,0.5916999508418314,130192.0,75954.0,337
187,720783.0,431399.0,289384.0,4161,2563,1598,0.4014856066250169,0.6708155638420489,0.4535928677457187,0.12803679187405295,0.9262022744727688,0.18756772149176637,0,0.4096468288738463,0.6708155638420489,158363.0,117416.0,328,0.4129948938146109,60166.0,14584.0,330,0.428054691489569,76371.0,19440.0,328,0.3811339928887315,58591.0,9496.0,333,0.213720703125,69960.0,0.0,326,0.5635221821379047,102907.0,54327.0,338,0.42694727827675916,77651.0,19700.0,329,0.5315536363911253,116774.0,54421.0,330
188,710317.0,438807.0,271510.0,4123,2650,1473,0.3822377896066117,0.5964124648197731,0.4636336919830596,0.11238729804633223,0.9445007889566454,0.13697739882334203,0,0.346497454593913,0.5964124648197731,117964.0,69932.0,342,0.473643046745723,72520.0,24392.0,337,0.5011780273311686,85397.0,34360.0,329,0.41618386066132984,62411.0,14740.0,340,0.207861328125,72037.0,0.0,330,0.4263979538896222,79553.0,21276.0,332,0.5475499554537326,86427.0,42790.0,337,0.5398428988381273,134008.0,64020.0,337
189,667163.0,400444.0,266719.0,4150,2648,1502,0.39978086314738615,0.6484907117322982,0.45558092659002025,0.13595320605901362,0.9182290801602461,0.1763412764197052,0,0.3669850369290886,0.5611777333629409,108072.0,56452.0,335,0.5583784612240694,78296.0,40460.0,336,0.43448255933908064,61948.0,16680.0,333,0.3085678155085148,46197.0,1536.0,334,0.204345703125,66614.0,0.0,328,0.42221065096240434,81482.0,19160.0,336,0.5069937774658537,85319.0,35346.0,332,0.6484907117322982,139235.0,97085.0,334
190,685488.0,462111.0,223377.0,3852,2604,1248,0.32586566066802,0.5366835861940705,0.44199274010924205,0.09797352047192315,0.9531665707666839,0.10210682025068252,0,0.31989873042479483,0.42541399299435423,95316.0,25360.0,340,0.47906343588347156,73460.0,26308.0,334,0.4957534913273957,84692.0,33753.0,335,0.43545333916351975,65781.0,17146.0,331,0.1998046875,68765.0,0.0,332,0.5366835861940705,95124.0,45010.0,335,0.4553868909999289,84849.0,26692.0,331,0.5083824968111955,117501.0,49108.0,332
191,718595.0,469506.0,249089.0,4169,2693,1476,0.34663336093348773,0.5638142765369085,0.45072853994733797,0.10867772661580455,0.9450574055242084,0.11977904800339534,0,0.33814863433684506,0.4662367236979037,112895.0,36388.0,332,0.4708577257866411,69671.0,24420.0,334,0.4184335005983536,77243.0,18764.0,341,0.5488963681672778,79498.0,39558.0,331,0.196435546875,64984.0,0.0,336,0.5638142765369085,107407.0,56671.0,334,0.42097887221670627,88654.0,21312.0,336,0.5201753056999127,118243.0,51976.0,332
192,735915.0,434835.0,301080.0,4239,2661,1578,0.4091233362548658,0.6185984266404683,0.46222793973183607,0.13991765615457702,0.9160621933632533,0.16052584197903275,0,0.3652741819650064,0.6185984266404683,137552.0,87688.0,331,0.4871050261430995,68804.0,25344.0,333,0.29560546875,64704.0,0.0,336,0.43935613836623677,67086.0,18737.0,336,0.192041015625,72392.0,0.0,335,0.5058520073609678,95474.0,39335.0,333,0.5597953615737306,97812.0,50784.0,335,0.5994700733951855,132091.0,79192.0,334
193,758298.0,445335.0,312963.0,4389,2754,1635,0.41271769146166754,0.5870584352168666,0.48842112716460434,0.11506324221293233,0.9474192775179154,0.08915690137650345,0,0.3397452177251245,0.5654405280628962,113524.0,60301.0,338,0.55737400646022,84672.0,43808.0,334,0.4610302334766835,88099.0,27857.0,335,0.5071767725231721,72492.0,30009.0,332,0.20595703124999998,89638.0,0.0,340,0.5536894627417956,100329.0,50993.0,329,0.46964254758520063,86529.0,29358.0,332,0.5870584352168666,123015.0,70637.0,335
194,666272.0,416352.0,249920.0,3917,2587,1330,0.3751020604197679,0.5841455300568525,0.46285121197797696,0.1177977022267126,0.9391677343184607,0.10248592166562576,0,0.33692200210390916,0.5841455300568525,110632.0,62936.0,328,0.5838913856927749,82696.0,46808.0,337,0.42046929464108423,70574.0,17004.0,335,0.4890500322882681,66261.0,25228.0,342,0.192626953125,70605.0,0.0,330,0.5020126950219405,84025.0,33899.0,334,0.4173594511250577,73635.0,18017.0,333,0.5132543538728375,107844.0,46028.0,333
195,722984.0,428118.0,294866.0,4124,2616,1508,0.4078458167815603,0.62802332200025,0.46312047351477514,0.13022143687434146,0.9267293689730389,0.16951032111360664,0,0.3980510135592225,0.62802332200025,149723.0,98313.0,331,0.49651934834547307,65608.0,26440.0,332,0.45717065791535966,70574.0,22205.0,332,0.4299338916995309,65290.0,16852.0,331,0.18779296874999998,69316.0,0.0,331,0.5525008548159789,96512.0,48767.0,338,0.3714802402580978,80846.0,11692.0,332,0.5815425043335108,125115.0,70597.0,335
196,742260.0,416515.0,325745.0,4353,2625,1728,0.43885565704739515,0.6263305286747564,0.48914138242625876,0.1286056466560806,0.9353420792015668,0.129138037884299,0,0.3645582656324502,0.6263305286747564,129733.0,84621.0,334,0.5007121222389878,72392.0,28968.0,331,0.5516973968644199,95722.0,48214.0,333,0.47851353127601204,68471.0,24446.0,333,0.17680664062499998,65818.0,0.0,333,0.5472967502863202,91898.0,45506.0,333,0.5749152165288915,107998.0,59022.0,333,0.4568588729156824,110228.0,34968.0,337
197,749937.0,466257.0,283680.0,4403,2851,1552,0.37827177482908514,0.597912494290098,0.47920666905430387,0.10572353071119762,0.9535851359097599,0.10630176268139846,0,0.3690285745208624,0.5602246396732493,127315.0,66261.0,336,0.597912494290098,93177.0,55317.0,333,0.5329400434492644,78049.0,36613.0,333,0.5083844837565282,68516.0,28736.0,334,0.226611328125,93623.0,0.0,335,0.48293743426208346,90915.0,33228.0,330,0.48017600906395574,82304.0,30213.0,330,0.44446691981425146,116038.0,33312.0,334
198,729377.0,477425.0,251952.0,3988,2620,1368,0.3454345283714727,0.6331079777350266,0.41957422447326864,0.13450021897450684,0.9068147922053599,0.19943681388362933,0,0.3812017618564996,0.6331079777350266,141581.0,94365.0,331,0.3908912830558261,61260.0,11136.0,339,0.287548828125,61551.0,0.0,334,0.40149038596781683,59988.0,12276.0,332,0.2171875,82663.0,0.0,331,0.46639769059417,87988.0,29282.0,334,0.3573196599639238,77546.0,9844.0,337,0.6026504703443858,156800.0,95049.0,333
199,771668.0,485268.0,286400.0,4634,2948,1686,0.37114406713768044,0.5979400922878997,0.4638520225311278,0.12155460754002949,0.9357402193655425,0.11420973786654343,0,0.35891379858354316,0.4928963899917469,100819.0,39102.0,332,0.5796109323570393,94486.0,52894.0,335,0.4830434368645672,94670.0,33132.0,331,0.3389857086316074,62198.0,4795.0,334,0.25498046874999997,93751.0,0.0,334,0.5979400922878997,100626.0,60020.0,337,0.3681939070622555,80024.0,10336.0,333,0.5951652443039062,145094.0,86121.0,328
