epoch,bucket,queue,bytes
0,0,2,0.0
0,1,5,0.0
0,2,4,4736199.0
0,3,3,0.0
0,4,0,0.0
0,5,7,0.0
0,6,7,0.0
0,7,7,0.0
0,8,0,2146157.0
0,9,5,6980778.0
0,10,0,0.0
0,11,0,0.0
0,12,6,0.0
0,13,3,4673758.0
0,14,2,4646832.0
0,15,5,0.0
0,16,5,0.0
0,17,5,0.0
0,18,6,90363844.0
0,19,7,0.0
0,20,6,0.0
0,21,0,4617037.0
0,22,7,0.0
0,23,5,4747623.0
0,24,1,2258102.0
0,25,4,0.0
0,26,1,4610474.0
0,27,5,2265282.0
0,28,7,0.0
0,29,4,0.0
0,30,4,0.0
0,31,5,2542564.0
0,32,1,4708107.0
0,33,4,0.0
0,34,1,2320375.0
0,35,5,0.0
0,36,7,4751299.0
0,37,5,0.0
0,38,0,0.0
0,39,1,0.0
0,40,5,0.0
0,41,0,4514494.0
0,42,5,2360251.0
0,43,3,94145484.0
0,44,5,4741830.0
0,45,0,0.0
0,46,3,0.0
0,47,1,0.0
0,48,2,0.0
0,49,5,2394548.0
0,50,2,0.0
0,51,0,0.0
0,52,6,0.0
0,53,7,0.0
0,54,6,4572933.0
0,55,7,2342004.0
0,56,6,0.0
0,57,5,0.0
0,58,5,0.0
0,59,6,92014073.0
0,60,7,4572495.0
0,61,2,7301081.0
0,62,7,0.0
0,63,2,88732377.0
0,64,0,0.0
0,65,0,0.0
0,66,5,0.0
0,67,3,0.0
0,68,0,4492757.0
0,69,1,9450390.0
0,70,1,2239703.0
0,71,1,4636778.0
0,72,3,0.0
0,73,3,2168856.0
0,74,0,4863530.0
0,75,5,90977980.0
0,76,3,4641237.0
0,77,5,88240132.0
0,78,2,0.0
0,79,5,0.0
0,80,7,86293188.0
0,81,0,0.0
0,82,3,0.0
0,83,2,2202278.0
0,84,4,6867539.0
0,85,7,0.0
0,86,6,7080237.0
0,87,2,2283795.0
0,88,3,4667675.0
0,89,4,91433781.0
0,90,3,92967290.0
0,91,1,4929863.0
0,92,1,0.0
0,93,2,0.0
0,94,2,0.0
0,95,6,0.0
0,96,1,0.0
0,97,6,2372373.0
0,98,0,4787279.0
0,99,5,4612570.0
0,100,6,0.0
0,101,0,92463100.0
0,102,5,9498047.0
0,103,6,0.0
0,104,0,9387654.0
0,105,7,2140719.0
0,106,3,6956371.0
0,107,0,0.0
0,108,5,0.0
0,109,7,4698422.0
0,110,3,0.0
0,111,7,4754535.0
0,112,7,0.0
0,113,0,87630270.0
0,114,1,0.0
0,115,7,4657716.0
0,116,6,0.0
0,117,7,4693460.0
0,118,4,2507763.0
0,119,7,0.0
0,120,7,86713438.0
0,121,5,0.0
0,122,4,2423456.0
0,123,3,7070773.0
0,124,2,0.0
0,125,0,4620419.0
0,126,5,0.0
0,127,0,0.0
1,0,2,0.0
1,1,5,0.0
1,2,4,4721586.0
1,3,3,0.0
1,4,0,0.0
1,5,7,0.0
1,6,7,0.0
1,7,7,0.0
1,8,0,2506439.0
1,9,5,7050939.0
1,10,0,0.0
1,11,0,0.0
1,12,6,0.0
1,13,3,4711829.0
1,14,2,4795232.0
1,15,5,0.0
1,16,5,0.0
1,17,5,0.0
1,18,6,86633194.0
1,19,7,0.0
1,20,6,0.0
1,21,0,4604456.0
1,22,7,0.0
1,23,5,4650321.0
1,24,1,2321403.0
1,25,4,0.0
1,26,1,4667439.0
1,27,5,2530394.0
1,28,7,0.0
1,29,4,0.0
1,30,4,0.0
1,31,5,2425987.0
1,32,1,4723660.0
1,33,4,0.0
1,34,1,2233051.0
1,35,5,0.0
1,36,7,4764884.0
1,37,5,0.0
1,38,0,0.0
1,39,1,0.0
1,40,5,0.0
1,41,0,4669444.0
1,42,5,2484789.0
1,43,3,94616890.0
1,44,5,4692728.0
1,45,0,0.0
1,46,3,0.0
1,47,1,0.0
1,48,2,0.0
1,49,5,2317509.0
1,50,2,0.0
1,51,0,0.0
1,52,6,0.0
1,53,7,0.0
1,54,6,4816387.0
1,55,7,2214073.0
1,56,6,0.0
1,57,5,0.0
1,58,5,0.0
1,59,6,93122556.0
1,60,7,4975967.0
1,61,2,7009539.0
1,62,7,0.0
1,63,2,86283000.0
1,64,0,0.0
1,65,0,0.0
1,66,5,0.0
1,67,3,0.0
1,68,0,4829964.0
1,69,1,9522956.0
1,70,1,2300510.0
1,71,1,4737288.0
1,72,3,0.0
1,73,3,2255618.0
1,74,0,4572973.0
1,75,5,88521936.0
1,76,3,4960981.0
1,77,5,88314641.0
1,78,2,0.0
1,79,5,0.0
1,80,7,86863925.0
1,81,0,0.0
1,82,3,0.0
1,83,2,2329641.0
1,84,4,6744796.0
1,85,7,0.0
1,86,6,7057572.0
1,87,2,2263426.0
1,88,3,4616006.0
1,89,4,88462947.0
1,90,3,90341769.0
1,91,1,4732211.0
1,92,1,0.0
1,93,2,0.0
1,94,2,0.0
1,95,6,0.0
1,96,1,0.0
1,97,6,2170320.0
1,98,0,4728742.0
1,99,5,4629241.0
1,100,6,0.0
1,101,0,86314056.0
1,102,5,9405579.0
1,103,6,0.0
1,104,0,9304242.0
1,105,7,2377693.0
1,106,3,6942459.0
1,107,0,0.0
1,108,5,0.0
1,109,7,4644755.0
1,110,3,0.0
1,111,7,4637131.0
1,112,7,0.0
1,113,0,86941951.0
1,114,1,0.0
1,115,7,4632173.0
1,116,6,0.0
1,117,7,4736725.0
1,118,4,2413362.0
1,119,7,0.0
1,120,7,84244718.0
1,121,5,0.0
1,122,4,2612567.0
1,123,3,7053411.0
1,124,2,0.0
1,125,0,4660384.0
1,126,5,0.0
1,127,0,0.0
2,0,2,0.0
2,1,5,0.0
2,2,4,4616166.0
2,3,3,0.0
2,4,0,0.0
2,5,7,0.0
2,6,7,0.0
2,7,7,0.0
2,8,0,2467834.0
2,9,5,7545280.0
2,10,0,0.0
2,11,0,0.0
2,12,6,0.0
2,13,3,4624230.0
2,14,2,4725624.0
2,15,5,0.0
2,16,5,0.0
2,17,5,0.0
2,18,6,88071925.0
2,19,7,0.0
2,20,6,0.0
2,21,0,4724933.0
2,22,7,0.0
2,23,5,4733740.0
2,24,1,2384187.0
2,25,4,0.0
2,26,1,4847011.0
2,27,5,2228731.0
2,28,7,0.0
2,29,4,0.0
2,30,4,0.0
2,31,5,2420695.0
2,32,1,4690318.0
2,33,4,0.0
2,34,1,2247769.0
2,35,5,0.0
2,36,7,4758452.0
2,37,5,0.0
2,38,0,0.0
2,39,1,0.0
2,40,5,0.0
2,41,0,4646083.0
2,42,5,2181417.0
2,43,3,96021666.0
2,44,5,4674234.0
2,45,0,0.0
2,46,3,0.0
2,47,1,0.0
2,48,2,0.0
2,49,5,2484404.0
2,50,2,0.0
2,51,0,0.0
2,52,6,0.0
2,53,7,0.0
2,54,6,4840853.0
2,55,7,2229946.0
2,56,6,0.0
2,57,5,0.0
2,58,5,0.0
2,59,6,90221534.0
2,60,7,4556840.0
2,61,2,7163313.0
2,62,7,0.0
2,63,2,88785735.0
2,64,0,0.0
2,65,0,0.0
2,66,5,0.0
2,67,3,0.0
2,68,0,4773299.0
2,69,1,9181272.0
2,70,1,2525910.0
2,71,1,4757826.0
2,72,3,0.0
2,73,3,2338659.0
2,74,0,4735897.0
2,75,5,88753705.0
2,76,3,4763108.0
2,77,5,87162533.0
2,78,2,0.0
2,79,5,0.0
2,80,7,84176672.0
2,81,0,0.0
2,82,3,0.0
2,83,2,2265873.0
2,84,4,7089895.0
2,85,7,0.0
2,86,6,7294347.0
2,87,2,2243815.0
2,88,3,4694688.0
2,89,4,88901327.0
2,90,3,91523558.0
2,91,1,4809782.0
2,92,1,0.0
2,93,2,0.0
2,94,2,0.0
2,95,6,0.0
2,96,1,0.0
2,97,6,2233310.0
2,98,0,4664919.0
2,99,5,4688535.0
2,100,6,0.0
2,101,0,92786256.0
2,102,5,9455617.0
2,103,6,0.0
2,104,0,9528482.0
2,105,7,2579939.0
2,106,3,7017103.0
2,107,0,0.0
2,108,5,0.0
2,109,7,4682955.0
2,110,3,0.0
2,111,7,4649273.0
2,112,7,0.0
2,113,0,87620988.0
2,114,1,0.0
2,115,7,4792852.0
2,116,6,0.0
2,117,7,4743423.0
2,118,4,2401640.0
2,119,7,0.0
2,120,7,86526783.0
2,121,5,0.0
2,122,4,2273577.0
2,123,3,7163535.0
2,124,2,0.0
2,125,0,4684503.0
2,126,5,0.0
2,127,0,0.0
3,0,2,0.0
3,1,5,0.0
3,2,4,4683748.0
3,3,3,0.0
3,4,0,0.0
3,5,7,0.0
3,6,7,0.0
3,7,7,0.0
3,8,0,2582298.0
3,9,5,7027796.0
3,10,0,0.0
3,11,0,0.0
3,12,6,0.0
3,13,3,4817322.0
3,14,2,4863133.0
3,15,5,0.0
3,16,5,0.0
3,17,5,0.0
3,18,6,88383979.0
3,19,7,0.0
3,20,6,0.0
3,21,0,4630610.0
3,22,7,0.0
3,23,5,4847074.0
3,24,1,2414834.0
3,25,4,0.0
3,26,1,4631772.0
3,27,5,2181009.0
3,28,7,0.0
3,29,4,0.0
3,30,4,0.0
3,31,5,2447626.0
3,32,1,4726897.0
3,33,4,0.0
3,34,1,2140146.0
3,35,5,0.0
3,36,7,4639376.0
3,37,5,0.0
3,38,0,0.0
3,39,1,0.0
3,40,5,0.0
3,41,0,4677684.0
3,42,5,2366805.0
3,43,3,92942619.0
3,44,5,4672834.0
3,45,0,0.0
3,46,3,0.0
3,47,1,0.0
3,48,2,0.0
3,49,5,2403919.0
3,50,2,0.0
3,51,0,0.0
3,52,6,0.0
3,53,7,0.0
3,54,6,4757557.0
3,55,7,2225477.0
3,56,6,0.0
3,57,5,0.0
3,58,5,0.0
3,59,6,93667797.0
3,60,7,4660891.0
3,61,2,7102520.0
3,62,7,0.0
3,63,2,88023551.0
3,64,0,0.0
3,65,0,0.0
3,66,5,0.0
3,67,3,0.0
3,68,0,4622115.0
3,69,1,9373665.0
3,70,1,2338105.0
3,71,1,4827019.0
3,72,3,0.0
3,73,3,2244813.0
3,74,0,4678402.0
3,75,5,87976935.0
3,76,3,4742188.0
3,77,5,88526941.0
3,78,2,0.0
3,79,5,0.0
3,80,7,84872147.0
3,81,0,0.0
3,82,3,0.0
3,83,2,2365208.0
3,84,4,7138053.0
3,85,7,0.0
3,86,6,6947199.0
3,87,2,2330764.0
3,88,3,4566944.0
3,89,4,85604025.0
3,90,3,92106770.0
3,91,1,4800420.0
3,92,1,0.0
3,93,2,0.0
3,94,2,0.0
3,95,6,0.0
3,96,1,0.0
3,97,6,2262995.0
3,98,0,4710464.0
3,99,5,4702828.0
3,100,6,0.0
3,101,0,89430110.0
3,102,5,9289486.0
3,103,6,0.0
3,104,0,9274213.0
3,105,7,2249167.0
3,106,3,7000153.0
3,107,0,0.0
3,108,5,0.0
3,109,7,4717053.0
3,110,3,0.0
3,111,7,4808817.0
3,112,7,0.0
3,113,0,86527338.0
3,114,1,0.0
3,115,7,4655539.0
3,116,6,0.0
3,117,7,4741809.0
3,118,4,2133548.0
3,119,7,0.0
3,120,7,88010520.0
3,121,5,0.0
3,122,4,2433482.0
3,123,3,6849243.0
3,124,2,0.0
3,125,0,4790559.0
3,126,5,0.0
3,127,0,0.0
4,0,2,0.0
4,1,5,0.0
4,2,4,4365482.0
4,3,3,0.0
4,4,0,0.0
4,5,7,0.0
4,6,7,0.0
4,7,7,0.0
4,8,0,2277849.0
4,9,5,6990348.0
4,10,0,0.0
4,11,0,0.0
4,12,6,0.0
4,13,3,4699090.0
4,14,2,4604833.0
4,15,5,0.0
4,16,5,0.0
4,17,5,0.0
4,18,6,87524784.0
4,19,7,0.0
4,20,6,0.0
4,21,0,4649077.0
4,22,7,0.0
4,23,5,4708395.0
4,24,1,2219526.0
4,25,4,0.0
4,26,1,4662964.0
4,27,5,2319265.0
4,28,7,0.0
4,29,4,0.0
4,30,4,0.0
4,31,5,2445257.0
4,32,1,4695976.0
4,33,4,0.0
4,34,1,2295842.0
4,35,5,0.0
4,36,7,4712643.0
4,37,5,0.0
4,38,0,0.0
4,39,1,0.0
4,40,5,0.0
4,41,0,4677056.0
4,42,5,2299459.0
4,43,3,93849468.0
4,44,5,4581039.0
4,45,0,0.0
4,46,3,0.0
4,47,1,0.0
4,48,2,0.0
4,49,5,2462174.0
4,50,2,0.0
4,51,0,0.0
4,52,6,0.0
4,53,7,0.0
4,54,6,4723914.0
4,55,7,2332502.0
4,56,6,0.0
4,57,5,0.0
4,58,5,0.0
4,59,6,93269153.0
4,60,7,4543894.0
4,61,2,7049789.0
4,62,7,0.0
4,63,2,88111899.0
4,64,0,0.0
4,65,0,0.0
4,66,5,0.0
4,67,3,0.0
4,68,0,4943854.0
4,69,1,9375661.0
4,70,1,2538966.0
4,71,1,4523063.0
4,72,3,0.0
4,73,3,2236526.0
4,74,0,4724262.0
4,75,5,88847650.0
4,76,3,4751317.0
4,77,5,88684981.0
4,78,2,0.0
4,79,5,0.0
4,80,7,89797711.0
4,81,0,0.0
4,82,3,0.0
4,83,2,2479155.0
4,84,4,7073433.0
4,85,7,0.0
4,86,6,6721418.0
4,87,2,2303016.0
4,88,3,4682505.0
4,89,4,86795496.0
4,90,3,90770890.0
4,91,1,4984392.0
4,92,1,0.0
4,93,2,0.0
4,94,2,0.0
4,95,6,0.0
4,96,1,0.0
4,97,6,2206057.0
4,98,0,4715576.0
4,99,5,4739967.0
4,100,6,0.0
4,101,0,91230972.0
4,102,5,9420239.0
4,103,6,0.0
4,104,0,9392794.0
4,105,7,2202421.0
4,106,3,6832079.0
4,107,0,0.0
4,108,5,0.0
4,109,7,4775275.0
4,110,3,0.0
4,111,7,4635462.0
4,112,7,0.0
4,113,0,88305151.0
4,114,1,0.0
4,115,7,4697460.0
4,116,6,0.0
4,117,7,4731792.0
4,118,4,2247183.0
4,119,7,0.0
4,120,7,89156474.0
4,121,5,0.0
4,122,4,2493774.0
4,123,3,7130880.0
4,124,2,0.0
4,125,0,4767302.0
4,126,5,0.0
4,127,0,0.0
5,0,2,0.0
5,1,5,0.0
5,2,4,4434217.0
5,3,3,0.0
5,4,0,0.0
5,5,7,0.0
5,6,7,0.0
5,7,7,0.0
5,8,0,2498176.0
5,9,5,6796273.0
5,10,0,0.0
5,11,0,0.0
5,12,6,0.0
5,13,3,4761249.0
5,14,2,4702106.0
5,15,5,0.0
5,16,5,0.0
5,17,5,0.0
5,18,6,89584954.0
5,19,7,0.0
5,20,6,0.0
5,21,0,4619854.0
5,22,7,0.0
5,23,5,4620563.0
5,24,1,2170419.0
5,25,4,0.0
5,26,1,4679070.0
5,27,5,2289848.0
5,28,7,0.0
5,29,4,0.0
5,30,4,0.0
5,31,5,2408034.0
5,32,1,4706468.0
5,33,4,0.0
5,34,1,2470130.0
5,35,5,0.0
5,36,7,4582314.0
5,37,5,0.0
5,38,0,0.0
5,39,1,0.0
5,40,5,0.0
5,41,0,4561089.0
5,42,5,2244487.0
5,43,3,95083999.0
5,44,5,4734435.0
5,45,0,0.0
5,46,3,0.0
5,47,1,0.0
5,48,2,0.0
5,49,5,2366520.0
5,50,2,0.0
5,51,0,0.0
5,52,6,0.0
5,53,7,0.0
5,54,6,4732058.0
5,55,7,2446786.0
5,56,6,0.0
5,57,5,0.0
5,58,5,0.0
5,59,6,90146082.0
5,60,7,4690060.0
5,61,2,6971709.0
5,62,7,0.0
5,63,2,87691960.0
5,64,0,0.0
5,65,0,0.0
5,66,5,0.0
5,67,3,0.0
5,68,0,4705172.0
5,69,1,9636445.0
5,70,1,2108188.0
5,71,1,4180410.0
5,72,3,0.0
5,73,3,2371780.0
5,74,0,4717826.0
5,75,5,88538686.0
5,76,3,5199887.0
5,77,5,85866685.0
5,78,2,0.0
5,79,5,0.0
5,80,7,85109605.0
5,81,0,0.0
5,82,3,0.0
5,83,2,2496794.0
5,84,4,7331418.0
5,85,7,0.0
5,86,6,7140755.0
5,87,2,2220109.0
5,88,3,4658010.0
5,89,4,88859886.0
5,90,3,91806895.0
5,91,1,4861896.0
5,92,1,0.0
5,93,2,0.0
5,94,2,0.0
5,95,6,0.0
5,96,1,0.0
5,97,6,2357983.0
5,98,0,4593199.0
5,99,5,4752920.0
5,100,6,0.0
5,101,0,91358842.0
5,102,5,9381056.0
5,103,6,0.0
5,104,0,9535325.0
5,105,7,2249340.0
5,106,3,7376484.0
5,107,0,0.0
5,108,5,0.0
5,109,7,4666231.0
5,110,3,0.0
5,111,7,4761325.0
5,112,7,0.0
5,113,0,88299020.0
5,114,1,0.0
5,115,7,4699671.0
5,116,6,0.0
5,117,7,4635783.0
5,118,4,2340627.0
5,119,7,0.0
5,120,7,86223971.0
5,121,5,0.0
5,122,4,2333901.0
5,123,3,7173601.0
5,124,2,0.0
5,125,0,4645312.0
5,126,5,0.0
5,127,0,0.0
6,0,2,0.0
6,1,5,0.0
6,2,4,4449053.0
6,3,3,0.0
6,4,0,0.0
6,5,7,0.0
6,6,7,0.0
6,7,7,0.0
6,8,0,2460240.0
6,9,5,7203471.0
6,10,0,0.0
6,11,0,0.0
6,12,6,0.0
6,13,3,4699969.0
6,14,2,4654008.0
6,15,5,0.0
6,16,5,0.0
6,17,5,0.0
6,18,6,84310899.0
6,19,7,0.0
6,20,6,0.0
6,21,0,4596600.0
6,22,7,0.0
6,23,5,4722474.0
6,24,1,2382783.0
6,25,4,0.0
6,26,1,4676728.0
6,27,5,2185280.0
6,28,7,0.0
6,29,4,0.0
6,30,4,0.0
6,31,5,2137947.0
6,32,1,4694659.0
6,33,4,0.0
6,34,1,2111933.0
6,35,5,0.0
6,36,7,4661525.0
6,37,5,0.0
6,38,0,0.0
6,39,1,0.0
6,40,5,0.0
6,41,0,4599207.0
6,42,5,2323099.0
6,43,3,93166131.0
6,44,5,4738700.0
6,45,0,0.0
6,46,3,0.0
6,47,1,0.0
6,48,2,0.0
6,49,5,2471930.0
6,50,2,0.0
6,51,0,0.0
6,52,6,0.0
6,53,7,0.0
6,54,6,4649636.0
6,55,7,2296859.0
6,56,6,0.0
6,57,5,0.0
6,58,5,0.0
6,59,6,94467529.0
6,60,7,4646638.0
6,61,2,6822903.0
6,62,7,0.0
6,63,2,86505885.0
6,64,0,0.0
6,65,0,0.0
6,66,5,0.0
6,67,3,0.0
6,68,0,5099780.0
6,69,1,8911017.0
6,70,1,2412513.0
6,71,1,4464531.0
6,72,3,0.0
6,73,3,2382935.0
6,74,0,4742317.0
6,75,5,86367985.0
6,76,3,4673388.0
6,77,5,88539161.0
6,78,2,0.0
6,79,5,0.0
6,80,7,86020320.0
6,81,0,0.0
6,82,3,0.0
6,83,2,2324711.0
6,84,4,7159478.0
6,85,7,0.0
6,86,6,7081067.0
6,87,2,2360369.0
6,88,3,4642224.0
6,89,4,88993030.0
6,90,3,90673817.0
6,91,1,4692283.0
6,92,1,0.0
6,93,2,0.0
6,94,2,0.0
6,95,6,0.0
6,96,1,0.0
6,97,6,2203220.0
6,98,0,4745737.0
6,99,5,4571973.0
6,100,6,0.0
6,101,0,89898622.0
6,102,5,9436527.0
6,103,6,0.0
6,104,0,9485213.0
6,105,7,2223902.0
6,106,3,7176294.0
6,107,0,0.0
6,108,5,0.0
6,109,7,4796526.0
6,110,3,0.0
6,111,7,4647301.0
6,112,7,0.0
6,113,0,86864448.0
6,114,1,0.0
6,115,7,4713291.0
6,116,6,0.0
6,117,7,4584527.0
6,118,4,2333204.0
6,119,7,0.0
6,120,7,86896540.0
6,121,5,0.0
6,122,4,2289322.0
6,123,3,7015960.0
6,124,2,0.0
6,125,0,4774135.0
6,126,5,0.0
6,127,0,0.0
7,0,2,0.0
7,1,5,0.0
7,2,4,4657538.0
7,3,3,0.0
7,4,0,0.0
7,5,7,0.0
7,6,7,0.0
7,7,7,0.0
7,8,0,2124042.0
7,9,5,6924294.0
7,10,0,0.0
7,11,0,0.0
7,12,6,0.0
7,13,3,4701649.0
7,14,2,4655359.0
7,15,5,0.0
7,16,5,0.0
7,17,5,0.0
7,18,6,87118273.0
7,19,7,0.0
7,20,6,0.0
7,21,0,4694953.0
7,22,7,0.0
7,23,5,4605746.0
7,24,1,2277689.0
7,25,4,0.0
7,26,1,4781638.0
7,27,5,2377025.0
7,28,7,0.0
7,29,4,0.0
7,30,4,0.0
7,31,5,2399366.0
7,32,1,4763284.0
7,33,4,0.0
7,34,1,2238907.0
7,35,5,0.0
7,36,7,4691145.0
7,37,5,0.0
7,38,0,0.0
7,39,1,0.0
7,40,5,0.0
7,41,0,4640709.0
7,42,5,2323233.0
7,43,3,94904725.0
7,44,5,4868300.0
7,45,0,0.0
7,46,3,0.0
7,47,1,0.0
7,48,2,0.0
7,49,5,2235861.0
7,50,2,0.0
7,51,0,0.0
7,52,6,0.0
7,53,7,0.0
7,54,6,4672163.0
7,55,7,2331016.0
7,56,6,0.0
7,57,5,0.0
7,58,5,0.0
7,59,6,92531775.0
7,60,7,4980057.0
7,61,2,6977724.0
7,62,7,0.0
7,63,2,87512953.0
7,64,0,0.0
7,65,0,0.0
7,66,5,0.0
7,67,3,0.0
7,68,0,4738506.0
7,69,1,9334004.0
7,70,1,2257921.0
7,71,1,4513238.0
7,72,3,0.0
7,73,3,2275063.0
7,74,0,4654794.0
7,75,5,87848717.0
7,76,3,4627556.0
7,77,5,86132669.0
7,78,2,0.0
7,79,5,0.0
7,80,7,86665397.0
7,81,0,0.0
7,82,3,0.0
7,83,2,2371578.0
7,84,4,6934605.0
7,85,7,0.0
7,86,6,7058522.0
7,87,2,2472932.0
7,88,3,4653403.0
7,89,4,87575965.0
7,90,3,92506249.0
7,91,1,4439617.0
7,92,1,0.0
7,93,2,0.0
7,94,2,0.0
7,95,6,0.0
7,96,1,0.0
7,97,6,2216137.0
7,98,0,4805311.0
7,99,5,4643663.0
7,100,6,0.0
7,101,0,88601618.0
7,102,5,9404334.0
7,103,6,0.0
7,104,0,9334328.0
7,105,7,2262509.0
7,106,3,7071486.0
7,107,0,0.0
7,108,5,0.0
7,109,7,4753659.0
7,110,3,0.0
7,111,7,4703701.0
7,112,7,0.0
7,113,0,88896755.0
7,114,1,0.0
7,115,7,4647551.0
7,116,6,0.0
7,117,7,4720618.0
7,118,4,2296526.0
7,119,7,0.0
7,120,7,86941986.0
7,121,5,0.0
7,122,4,2378057.0
7,123,3,7125409.0
7,124,2,0.0
7,125,0,4733293.0
7,126,5,0.0
7,127,0,0.0
8,0,2,0.0
8,1,5,0.0
8,2,4,4634851.0
8,3,3,0.0
8,4,0,0.0
8,5,7,0.0
8,6,7,0.0
8,7,7,0.0
8,8,0,2384019.0
8,9,5,7042767.0
8,10,0,0.0
8,11,0,0.0
8,12,6,0.0
8,13,3,4621619.0
8,14,2,4621443.0
8,15,5,0.0
8,16,5,0.0
8,17,5,0.0
8,18,6,85918203.0
8,19,7,0.0
8,20,6,0.0
8,21,0,4738292.0
8,22,7,0.0
8,23,5,4747640.0
8,24,1,2278157.0
8,25,4,0.0
8,26,1,4849034.0
8,27,5,2336671.0
8,28,7,0.0
8,29,4,0.0
8,30,4,0.0
8,31,5,2195366.0
8,32,1,4685334.0
8,33,4,0.0
8,34,1,2306008.0
8,35,5,0.0
8,36,7,4664059.0
8,37,5,0.0
8,38,0,0.0
8,39,1,0.0
8,40,5,0.0
8,41,0,4809813.0
8,42,5,2532579.0
8,43,3,94612442.0
8,44,5,4742920.0
8,45,0,0.0
8,46,3,0.0
8,47,1,0.0
8,48,2,0.0
8,49,5,2286482.0
8,50,2,0.0
8,51,0,0.0
8,52,6,0.0
8,53,7,0.0
8,54,6,4632418.0
8,55,7,2395247.0
8,56,6,0.0
8,57,5,0.0
8,58,5,0.0
8,59,6,91238794.0
8,60,7,4620169.0
8,61,2,6877266.0
8,62,7,0.0
8,63,2,85921859.0
8,64,0,0.0
8,65,0,0.0
8,66,5,0.0
8,67,3,0.0
8,68,0,4585938.0
8,69,1,9029090.0
8,70,1,2276427.0
8,71,1,4937928.0
8,72,3,0.0
8,73,3,2586548.0
8,74,0,4594153.0
8,75,5,88655912.0
8,76,3,4861073.0
8,77,5,88767567.0
8,78,2,0.0
8,79,5,0.0
8,80,7,88905566.0
8,81,0,0.0
8,82,3,0.0
8,83,2,2517707.0
8,84,4,7160419.0
8,85,7,0.0
8,86,6,6954256.0
8,87,2,2330462.0
8,88,3,4696732.0
8,89,4,86604340.0
8,90,3,92773621.0
8,91,1,4946586.0
8,92,1,0.0
8,93,2,0.0
8,94,2,0.0
8,95,6,0.0
8,96,1,0.0
8,97,6,2280027.0
8,98,0,4587243.0
8,99,5,4743997.0
8,100,6,0.0
8,101,0,91076792.0
8,102,5,9300878.0
8,103,6,0.0
8,104,0,9555897.0
8,105,7,2540287.0
8,106,3,7055227.0
8,107,0,0.0
8,108,5,0.0
8,109,7,4621919.0
8,110,3,0.0
8,111,7,4701318.0
8,112,7,0.0
8,113,0,91020876.0
8,114,1,0.0
8,115,7,4586985.0
8,116,6,0.0
8,117,7,4723718.0
8,118,4,2257677.0
8,119,7,0.0
8,120,7,89161865.0
8,121,5,0.0
8,122,4,2382428.0
8,123,3,7172828.0
8,124,2,0.0
8,125,0,4666994.0
8,126,5,0.0
8,127,0,0.0
9,0,2,0.0
9,1,5,0.0
9,2,4,4592317.0
9,3,3,0.0
9,4,0,0.0
9,5,7,0.0
9,6,7,0.0
9,7,7,0.0
9,8,0,2305339.0
9,9,5,7025035.0
9,10,0,0.0
9,11,0,0.0
9,12,6,0.0
9,13,3,4600914.0
9,14,2,4712769.0
9,15,5,0.0
9,16,5,0.0
9,17,5,0.0
9,18,6,85925400.0
9,19,7,0.0
9,20,6,0.0
9,21,0,4713000.0
9,22,7,0.0
9,23,5,4579746.0
9,24,1,2271165.0
9,25,4,0.0
9,26,1,4582994.0
9,27,5,2378212.0
9,28,7,0.0
9,29,4,0.0
9,30,4,0.0
9,31,5,2420147.0
9,32,1,4541013.0
9,33,4,0.0
9,34,1,2281519.0
9,35,5,0.0
9,36,7,4740437.0
9,37,5,0.0
9,38,0,0.0
9,39,1,0.0
9,40,5,0.0
9,41,0,4644751.0
9,42,5,2468878.0
9,43,3,94706387.0
9,44,5,4715792.0
9,45,0,0.0
9,46,3,0.0
9,47,1,0.0
9,48,2,0.0
9,49,5,2277647.0
9,50,2,0.0
9,51,0,0.0
9,52,6,0.0
9,53,7,0.0
9,54,6,4623496.0
9,55,7,2356805.0
9,56,6,0.0
9,57,5,0.0
9,58,5,0.0
9,59,6,93231142.0
9,60,7,4873419.0
9,61,2,7016166.0
9,62,7,0.0
9,63,2,89199222.0
9,64,0,0.0
9,65,0,0.0
9,66,5,0.0
9,67,3,0.0
9,68,0,4861128.0
9,69,1,9335401.0
9,70,1,2287943.0
9,71,1,5099951.0
9,72,3,0.0
9,73,3,2317847.0
9,74,0,4697766.0
9,75,5,87141656.0
9,76,3,4533765.0
9,77,5,86946086.0
9,78,2,0.0
9,79,5,0.0
9,80,7,88064060.0
9,81,0,0.0
9,82,3,0.0
9,83,2,2446810.0
9,84,4,6909617.0
9,85,7,0.0
9,86,6,7061510.0
9,87,2,2419236.0
9,88,3,4675295.0
9,89,4,85320792.0
9,90,3,92758164.0
9,91,1,4732168.0
9,92,1,0.0
9,93,2,0.0
9,94,2,0.0
9,95,6,0.0
9,96,1,0.0
9,97,6,2531648.0
9,98,0,4612544.0
9,99,5,4724776.0
9,100,6,0.0
9,101,0,91759049.0
9,102,5,9327486.0
9,103,6,0.0
9,104,0,9345758.0
9,105,7,2423504.0
9,106,3,7069806.0
9,107,0,0.0
9,108,5,0.0
9,109,7,4696014.0
9,110,3,0.0
9,111,7,4711816.0
9,112,7,0.0
9,113,0,87241070.0
9,114,1,0.0
9,115,7,4727040.0
9,116,6,0.0
9,117,7,4767373.0
9,118,4,2398269.0
9,119,7,0.0
9,120,7,87291450.0
9,121,5,0.0
9,122,4,2165774.0
9,123,3,6869514.0
9,124,2,0.0
9,125,0,4616763.0
9,126,5,0.0
9,127,0,0.0
10,0,2,0.0
10,1,5,0.0
10,2,4,4534592.0
10,3,3,0.0
10,4,0,0.0
10,5,7,0.0
10,6,7,0.0
10,7,7,0.0
10,8,0,2397158.0
10,9,5,6832380.0
10,10,0,0.0
10,11,0,0.0
10,12,6,0.0
10,13,3,4651338.0
10,14,2,4596150.0
10,15,5,0.0
10,16,5,0.0
10,17,5,0.0
10,18,6,86636145.0
10,19,7,0.0
10,20,6,0.0
10,21,0,4687609.0
10,22,7,0.0
10,23,5,4656483.0
10,24,1,2522616.0
10,25,4,0.0
10,26,1,4765496.0
10,27,5,2314368.0
10,28,7,0.0
10,29,4,0.0
10,30,4,0.0
10,31,5,2405323.0
10,32,1,4682769.0
10,33,4,0.0
10,34,1,2351653.0
10,35,5,0.0
10,36,7,4706611.0
10,37,5,0.0
10,38,0,0.0
10,39,1,0.0
10,40,5,0.0
10,41,0,4655388.0
10,42,5,2151918.0
10,43,3,93548493.0
10,44,5,4664674.0
10,45,0,0.0
10,46,3,0.0
10,47,1,0.0
10,48,2,0.0
10,49,5,2360202.0
10,50,2,0.0
10,51,0,0.0
10,52,6,0.0
10,53,7,0.0
10,54,6,4763931.0
10,55,7,2368050.0
10,56,6,0.0
10,57,5,0.0
10,58,5,0.0
10,59,6,92907512.0
10,60,7,4868564.0
10,61,2,6949183.0
10,62,7,0.0
10,63,2,88783659.0
10,64,0,0.0
10,65,0,0.0
10,66,5,0.0
10,67,3,0.0
10,68,0,4775020.0
10,69,1,9265773.0
10,70,1,2352978.0
10,71,1,4846443.0
10,72,3,0.0
10,73,3,2380501.0
10,74,0,4644107.0
10,75,5,85789415.0
10,76,3,4553000.0
10,77,5,84923548.0
10,78,2,0.0
10,79,5,0.0
10,80,7,86813321.0
10,81,0,0.0
10,82,3,0.0
10,83,2,2455973.0
10,84,4,7047460.0
10,85,7,0.0
10,86,6,6868388.0
10,87,2,2446057.0
10,88,3,4742637.0
10,89,4,88517528.0
10,90,3,92931040.0
10,91,1,4837840.0
10,92,1,0.0
10,93,2,0.0
10,94,2,0.0
10,95,6,0.0
10,96,1,0.0
10,97,6,2373583.0
10,98,0,4679233.0
10,99,5,4744615.0
10,100,6,0.0
10,101,0,89781898.0
10,102,5,9420692.0
10,103,6,0.0
10,104,0,9415376.0
10,105,7,2253184.0
10,106,3,7082379.0
10,107,0,0.0
10,108,5,0.0
10,109,7,4711817.0
10,110,3,0.0
10,111,7,4668945.0
10,112,7,0.0
10,113,0,87108979.0
10,114,1,0.0
10,115,7,4777134.0
10,116,6,0.0
10,117,7,4690613.0
10,118,4,2038948.0
10,119,7,0.0
10,120,7,85401684.0
10,121,5,0.0
10,122,4,2371722.0
10,123,3,6902239.0
10,124,2,0.0
10,125,0,4688826.0
10,126,5,0.0
10,127,0,0.0
11,0,2,0.0
11,1,5,0.0
11,2,4,4531092.0
11,3,3,0.0
11,4,0,0.0
11,5,7,0.0
11,6,7,0.0
11,7,7,0.0
11,8,0,2316615.0
11,9,5,7049561.0
11,10,0,0.0
11,11,0,0.0
11,12,6,0.0
11,13,3,4729932.0
11,14,2,4647009.0
11,15,5,0.0
11,16,5,0.0
11,17,5,0.0
11,18,6,87125544.0
11,19,7,0.0
11,20,6,0.0
11,21,0,4776508.0
11,22,7,0.0
11,23,5,4604274.0
11,24,1,2392798.0
11,25,4,0.0
11,26,1,4702746.0
11,27,5,2404103.0
11,28,7,0.0
11,29,4,0.0
11,30,4,0.0
11,31,5,2424124.0
11,32,1,4807833.0
11,33,4,0.0
11,34,1,2459144.0
11,35,5,0.0
11,36,7,4653457.0
11,37,5,0.0
11,38,0,0.0
11,39,1,0.0
11,40,5,0.0
11,41,0,4677053.0
11,42,5,2404317.0
11,43,3,97023189.0
11,44,5,4663420.0
11,45,0,0.0
11,46,3,0.0
11,47,1,0.0
11,48,2,0.0
11,49,5,2294054.0
11,50,2,0.0
11,51,0,0.0
11,52,6,0.0
11,53,7,0.0
11,54,6,4644925.0
11,55,7,2522337.0
11,56,6,0.0
11,57,5,0.0
11,58,5,0.0
11,59,6,89848378.0
11,60,7,4814047.0
11,61,2,7032348.0
11,62,7,0.0
11,63,2,88776646.0
11,64,0,0.0
11,65,0,0.0
11,66,5,0.0
11,67,3,0.0
11,68,0,4548029.0
11,69,1,9100413.0
11,70,1,2295668.0
11,71,1,4627197.0
11,72,3,0.0
11,73,3,2243857.0
11,74,0,4631253.0
11,75,5,90284589.0
11,76,3,4837263.0
11,77,5,88776938.0
11,78,2,0.0
11,79,5,0.0
11,80,7,86985357.0
11,81,0,0.0
11,82,3,0.0
11,83,2,2276619.0
11,84,4,7067765.0
11,85,7,0.0
11,86,6,7028491.0
11,87,2,2493493.0
11,88,3,4724275.0
11,89,4,87726664.0
11,90,3,93427893.0
11,91,1,4781868.0
11,92,1,0.0
11,93,2,0.0
11,94,2,0.0
11,95,6,0.0
11,96,1,0.0
11,97,6,2249254.0
11,98,0,4711024.0
11,99,5,4730386.0
11,100,6,0.0
11,101,0,90841429.0
11,102,5,9426575.0
11,103,6,0.0
11,104,0,9385136.0
11,105,7,2256356.0
11,106,3,6909981.0
11,107,0,0.0
11,108,5,0.0
11,109,7,4788429.0
11,110,3,0.0
11,111,7,4838441.0
11,112,7,0.0
11,113,0,89801528.0
11,114,1,0.0
11,115,7,4633475.0
11,116,6,0.0
11,117,7,4765276.0
11,118,4,2389461.0
11,119,7,0.0
11,120,7,85641016.0
11,121,5,0.0
11,122,4,2165115.0
11,123,3,6974844.0
11,124,2,0.0
11,125,0,4742313.0
11,126,5,0.0
11,127,0,0.0
12,0,2,0.0
12,1,5,0.0
12,2,4,4513196.0
12,3,3,0.0
12,4,0,0.0
12,5,7,0.0
12,6,7,0.0
12,7,7,0.0
12,8,0,2377167.0
12,9,5,6938907.0
12,10,0,0.0
12,11,0,0.0
12,12,6,0.0
12,13,3,4713312.0
12,14,2,4761592.0
12,15,5,0.0
12,16,5,0.0
12,17,5,0.0
12,18,6,89621409.0
12,19,7,0.0
12,20,6,0.0
12,21,0,4724271.0
12,22,7,0.0
12,23,5,4746663.0
12,24,1,2356201.0
12,25,4,0.0
12,26,1,4744395.0
12,27,5,2481998.0
12,28,7,0.0
12,29,4,0.0
12,30,4,0.0
12,31,5,2169906.0
12,32,1,4788448.0
12,33,4,0.0
12,34,1,2291087.0
12,35,5,0.0
12,36,7,4652406.0
12,37,5,0.0
12,38,0,0.0
12,39,1,0.0
12,40,5,0.0
12,41,0,4789628.0
12,42,5,2344200.0
12,43,3,93849084.0
12,44,5,4742222.0
12,45,0,0.0
12,46,3,0.0
12,47,1,0.0
12,48,2,0.0
12,49,5,2272863.0
12,50,2,0.0
12,51,0,0.0
12,52,6,0.0
12,53,7,0.0
12,54,6,4638787.0
12,55,7,2375249.0
12,56,6,0.0
12,57,5,0.0
12,58,5,0.0
12,59,6,90924711.0
12,60,7,4662467.0
12,61,2,7112988.0
12,62,7,0.0
12,63,2,85952408.0
12,64,0,0.0
12,65,0,0.0
12,66,5,0.0
12,67,3,0.0
12,68,0,4785223.0
12,69,1,8784553.0
12,70,1,2420642.0
12,71,1,4608968.0
12,72,3,0.0
12,73,3,2259608.0
12,74,0,4883631.0
12,75,5,85730421.0
12,76,3,4861057.0
12,77,5,88261616.0
12,78,2,0.0
12,79,5,0.0
12,80,7,86252446.0
12,81,0,0.0
12,82,3,0.0
12,83,2,2205951.0
12,84,4,7012032.0
12,85,7,0.0
12,86,6,7251857.0
12,87,2,2320898.0
12,88,3,4619691.0
12,89,4,85815489.0
12,90,3,93130540.0
12,91,1,4493329.0
12,92,1,0.0
12,93,2,0.0
12,94,2,0.0
12,95,6,0.0
12,96,1,0.0
12,97,6,2307373.0
12,98,0,4648259.0
12,99,5,4794819.0
12,100,6,0.0
12,101,0,88796384.0
12,102,5,9484379.0
12,103,6,0.0
12,104,0,9375663.0
12,105,7,2121843.0
12,106,3,6988816.0
12,107,0,0.0
12,108,5,0.0
12,109,7,4609689.0
12,110,3,0.0
12,111,7,4671396.0
12,112,7,0.0
12,113,0,86322538.0
12,114,1,0.0
12,115,7,4744913.0
12,116,6,0.0
12,117,7,4689240.0
12,118,4,2292474.0
12,119,7,0.0
12,120,7,83758767.0
12,121,5,0.0
12,122,4,2368317.0
12,123,3,7033036.0
12,124,2,0.0
12,125,0,4677301.0
12,126,5,0.0
12,127,0,0.0
13,0,2,0.0
13,1,5,0.0
13,2,4,4831777.0
13,3,3,0.0
13,4,0,0.0
13,5,7,0.0
13,6,7,0.0
13,7,7,0.0
13,8,0,2234535.0
13,9,5,7186499.0
13,10,0,0.0
13,11,0,0.0
13,12,6,0.0
13,13,3,4560809.0
13,14,2,4753961.0
13,15,5,0.0
13,16,5,0.0
13,17,5,0.0
13,18,6,87291473.0
13,19,7,0.0
13,20,6,0.0
13,21,0,4772720.0
13,22,7,0.0
13,23,5,4702638.0
13,24,1,2233905.0
13,25,4,0.0
13,26,1,4754775.0
13,27,5,2215898.0
13,28,7,0.0
13,29,4,0.0
13,30,4,0.0
13,31,5,2367686.0
13,32,1,4596239.0
13,33,4,0.0
13,34,1,2528158.0
13,35,5,0.0
13,36,7,4630583.0
13,37,5,0.0
13,38,0,0.0
13,39,1,0.0
13,40,5,0.0
13,41,0,4710368.0
13,42,5,2283220.0
13,43,3,96918993.0
13,44,5,4733113.0
13,45,0,0.0
13,46,3,0.0
13,47,1,0.0
13,48,2,0.0
13,49,5,2326989.0
13,50,2,0.0
13,51,0,0.0
13,52,6,0.0
13,53,7,0.0
13,54,6,4718684.0
13,55,7,2332591.0
13,56,6,0.0
13,57,5,0.0
13,58,5,0.0
13,59,6,91708044.0
13,60,7,4449318.0
13,61,2,7220246.0
13,62,7,0.0
13,63,2,88133520.0
13,64,0,0.0
13,65,0,0.0
13,66,5,0.0
13,67,3,0.0
13,68,0,4617476.0
13,69,1,9504813.0
13,70,1,2237516.0
13,71,1,4841508.0
13,72,3,0.0
13,73,3,2313754.0
13,74,0,4741823.0
13,75,5,89098253.0
13,76,3,4372177.0
13,77,5,90333887.0
13,78,2,0.0
13,79,5,0.0
13,80,7,89876358.0
13,81,0,0.0
13,82,3,0.0
13,83,2,2356032.0
13,84,4,7023069.0
13,85,7,0.0
13,86,6,6944094.0
13,87,2,2530977.0
13,88,3,4691794.0
13,89,4,90098530.0
13,90,3,92038460.0
13,91,1,5237982.0
13,92,1,0.0
13,93,2,0.0
13,94,2,0.0
13,95,6,0.0
13,96,1,0.0
13,97,6,2290386.0
13,98,0,4716459.0
13,99,5,4530229.0
13,100,6,0.0
13,101,0,90080756.0
13,102,5,9334363.0
13,103,6,0.0
13,104,0,9475110.0
13,105,7,2476989.0
13,106,3,7144605.0
13,107,0,0.0
13,108,5,0.0
13,109,7,4689707.0
13,110,3,0.0
13,111,7,4697497.0
13,112,7,0.0
13,113,0,88801081.0
13,114,1,0.0
13,115,7,4800864.0
13,116,6,0.0
13,117,7,4756188.0
13,118,4,2162879.0
13,119,7,0.0
13,120,7,87307175.0
13,121,5,0.0
13,122,4,2510382.0
13,123,3,7019353.0
13,124,2,0.0
13,125,0,4666780.0
13,126,5,0.0
13,127,0,0.0
14,0,2,0.0
14,1,5,0.0
14,2,4,4643429.0
14,3,3,0.0
14,4,0,0.0
14,5,7,0.0
14,6,7,0.0
14,7,7,0.0
14,8,0,2406190.0
14,9,5,7268815.0
14,10,0,0.0
14,11,0,0.0
14,12,6,0.0
14,13,3,4746532.0
14,14,2,4739884.0
14,15,5,0.0
14,16,5,0.0
14,17,5,0.0
14,18,6,89287059.0
14,19,7,0.0
14,20,6,0.0
14,21,0,4683960.0
14,22,7,0.0
14,23,5,4732545.0
14,24,1,2244803.0
14,25,4,0.0
14,26,1,4649313.0
14,27,5,2540350.0
14,28,7,0.0
14,29,4,0.0
14,30,4,0.0
14,31,5,2253618.0
14,32,1,4793756.0
14,33,4,0.0
14,34,1,2522298.0
14,35,5,0.0
14,36,7,4686120.0
14,37,5,0.0
14,38,0,0.0
14,39,1,0.0
14,40,5,0.0
14,41,0,4664314.0
14,42,5,2287759.0
14,43,3,92766346.0
14,44,5,4540401.0
14,45,0,0.0
14,46,3,0.0
14,47,1,0.0
14,48,2,0.0
14,49,5,2472591.0
14,50,2,0.0
14,51,0,0.0
14,52,6,0.0
14,53,7,0.0
14,54,6,4679846.0
14,55,7,2276316.0
14,56,6,0.0
14,57,5,0.0
14,58,5,0.0
14,59,6,90951921.0
14,60,7,4568385.0
14,61,2,6987631.0
14,62,7,0.0
14,63,2,90432603.0
14,64,0,0.0
14,65,0,0.0
14,66,5,0.0
14,67,3,0.0
14,68,0,4537990.0
14,69,1,8970307.0
14,70,1,2230053.0
14,71,1,4958821.0
14,72,3,0.0
14,73,3,2430379.0
14,74,0,4631129.0
14,75,5,90485263.0
14,76,3,4826603.0
14,77,5,88747689.0
14,78,2,0.0
14,79,5,0.0
14,80,7,86415420.0
14,81,0,0.0
14,82,3,0.0
14,83,2,2518070.0
14,84,4,7198590.0
14,85,7,0.0
14,86,6,6920056.0
14,87,2,2458744.0
14,88,3,4778642.0
14,89,4,85352913.0
14,90,3,90527214.0
14,91,1,4261632.0
14,92,1,0.0
14,93,2,0.0
14,94,2,0.0
14,95,6,0.0
14,96,1,0.0
14,97,6,2079127.0
14,98,0,4580629.0
14,99,5,4617209.0
14,100,6,0.0
14,101,0,90081619.0
14,102,5,9227741.0
14,103,6,0.0
14,104,0,9360858.0
14,105,7,2251704.0
14,106,3,7219658.0
14,107,0,0.0
14,108,5,0.0
14,109,7,4698458.0
14,110,3,0.0
14,111,7,4720583.0
14,112,7,0.0
14,113,0,85475059.0
14,114,1,0.0
14,115,7,4700003.0
14,116,6,0.0
14,117,7,4647086.0
14,118,4,2160383.0
14,119,7,0.0
14,120,7,92090575.0
14,121,5,0.0
14,122,4,2455642.0
14,123,3,7143346.0
14,124,2,0.0
14,125,0,4532872.0
14,126,5,0.0
14,127,0,0.0
15,0,2,0.0
15,1,5,0.0
15,2,4,4900769.0
15,3,3,0.0
15,4,0,0.0
15,5,7,0.0
15,6,7,0.0
15,7,7,0.0
15,8,0,2211680.0
15,9,5,7064033.0
15,10,0,0.0
15,11,0,0.0
15,12,6,0.0
15,13,3,4747851.0
15,14,2,4681319.0
15,15,5,0.0
15,16,5,0.0
15,17,5,0.0
15,18,6,88468451.0
15,19,7,0.0
15,20,6,0.0
15,21,0,4668401.0
15,22,7,0.0
15,23,5,4699137.0
15,24,1,2500842.0
15,25,4,0.0
15,26,1,4699927.0
15,27,5,2136384.0
15,28,7,0.0
15,29,4,0.0
15,30,4,0.0
15,31,5,2422435.0
15,32,1,4655355.0
15,33,4,0.0
15,34,1,2479470.0
15,35,5,0.0
15,36,7,4780599.0
15,37,5,0.0
15,38,0,0.0
15,39,1,0.0
15,40,5,0.0
15,41,0,4738054.0
15,42,5,2161522.0
15,43,3,96349587.0
15,44,5,4657274.0
15,45,0,0.0
15,46,3,0.0
15,47,1,0.0
15,48,2,0.0
15,49,5,2283857.0
15,50,2,0.0
15,51,0,0.0
15,52,6,0.0
15,53,7,0.0
15,54,6,4727788.0
15,55,7,2313273.0
15,56,6,0.0
15,57,5,0.0
15,58,5,0.0
15,59,6,92130114.0
15,60,7,4636407.0
15,61,2,6930989.0
15,62,7,0.0
15,63,2,85579438.0
15,64,0,0.0
15,65,0,0.0
15,66,5,0.0
15,67,3,0.0
15,68,0,4553344.0
15,69,1,9342338.0
15,70,1,2248300.0
15,71,1,4856362.0
15,72,3,0.0
15,73,3,2345846.0
15,74,0,4750562.0
15,75,5,89257356.0
15,76,3,4669266.0
15,77,5,89194526.0
15,78,2,0.0
15,79,5,0.0
15,80,7,86839912.0
15,81,0,0.0
15,82,3,0.0
15,83,2,2482851.0
15,84,4,7164447.0
15,85,7,0.0
15,86,6,6937679.0
15,87,2,2377175.0
15,88,3,4825480.0
15,89,4,88491944.0
15,90,3,90432506.0
15,91,1,4749644.0
15,92,1,0.0
15,93,2,0.0
15,94,2,0.0
15,95,6,0.0
15,96,1,0.0
15,97,6,2441585.0
15,98,0,4716933.0
15,99,5,4758403.0
15,100,6,0.0
15,101,0,89952689.0
15,102,5,9384874.0
15,103,6,0.0
15,104,0,9438966.0
15,105,7,2398143.0
15,106,3,6957352.0
15,107,0,0.0
15,108,5,0.0
15,109,7,4783648.0
15,110,3,0.0
15,111,7,4643221.0
15,112,7,0.0
15,113,0,88227735.0
15,114,1,0.0
15,115,7,4630603.0
15,116,6,0.0
15,117,7,4799464.0
15,118,4,2514183.0
15,119,7,0.0
15,120,7,87952309.0
15,121,5,0.0
15,122,4,2459891.0
15,123,3,7038668.0
15,124,2,0.0
15,125,0,4674946.0
15,126,5,0.0
15,127,0,0.0
16,0,2,0.0
16,1,5,0.0
16,2,4,5000526.0
16,3,3,0.0
16,4,0,0.0
16,5,7,0.0
16,6,7,0.0
16,7,7,0.0
16,8,0,2449010.0
16,9,5,7039653.0
16,10,0,0.0
16,11,0,0.0
16,12,6,0.0
16,13,3,4796597.0
16,14,2,4606072.0
16,15,5,0.0
16,16,5,0.0
16,17,5,0.0
16,18,6,86829436.0
16,19,7,0.0
16,20,6,0.0
16,21,0,4726545.0
16,22,7,0.0
16,23,5,4706646.0
16,24,1,2229533.0
16,25,4,0.0
16,26,1,4726553.0
16,27,5,2436898.0
16,28,7,0.0
16,29,4,0.0
16,30,4,0.0
16,31,5,2377632.0
16,32,1,4706929.0
16,33,4,0.0
16,34,1,2360534.0
16,35,5,0.0
16,36,7,4635486.0
16,37,5,0.0
16,38,0,0.0
16,39,1,0.0
16,40,5,0.0
16,41,0,4737333.0
16,42,5,2270316.0
16,43,3,94128692.0
16,44,5,4594374.0
16,45,0,0.0
16,46,3,0.0
16,47,1,0.0
16,48,2,0.0
16,49,5,2258743.0
16,50,2,0.0
16,51,0,0.0
16,52,6,0.0
16,53,7,0.0
16,54,6,4613587.0
16,55,7,2289458.0
16,56,6,0.0
16,57,5,0.0
16,58,5,0.0
16,59,6,91997645.0
16,60,7,4731218.0
16,61,2,7123265.0
16,62,7,0.0
16,63,2,85792176.0
16,64,0,0.0
16,65,0,0.0
16,66,5,0.0
16,67,3,0.0
16,68,0,4835218.0
16,69,1,9003069.0
16,70,1,2328502.0
16,71,1,4720693.0
16,72,3,0.0
16,73,3,2373370.0
16,74,0,4685660.0
16,75,5,83728150.0
16,76,3,4884498.0
16,77,5,86690942.0
16,78,2,0.0
16,79,5,0.0
16,80,7,85757360.0
16,81,0,0.0
16,82,3,0.0
16,83,2,2542325.0
16,84,4,7157927.0
16,85,7,0.0
16,86,6,7098254.0
16,87,2,2295847.0
16,88,3,4562253.0
16,89,4,87055433.0
16,90,3,93062949.0
16,91,1,4687177.0
16,92,1,0.0
16,93,2,0.0
16,94,2,0.0
16,95,6,0.0
16,96,1,0.0
16,97,6,2458619.0
16,98,0,4746018.0
16,99,5,4668497.0
16,100,6,0.0
16,101,0,89968359.0
16,102,5,9552367.0
16,103,6,0.0
16,104,0,9256613.0
16,105,7,2172687.0
16,106,3,7127086.0
16,107,0,0.0
16,108,5,0.0
16,109,7,4596829.0
16,110,3,0.0
16,111,7,4688505.0
16,112,7,0.0
16,113,0,87846690.0
16,114,1,0.0
16,115,7,4739460.0
16,116,6,0.0
16,117,7,4801494.0
16,118,4,2132571.0
16,119,7,0.0
16,120,7,88312740.0
16,121,5,0.0
16,122,4,2411043.0
16,123,3,6939919.0
16,124,2,0.0
16,125,0,4672846.0
16,126,5,0.0
16,127,0,0.0
17,0,2,0.0
17,1,5,0.0
17,2,4,4813480.0
17,3,3,0.0
17,4,0,0.0
17,5,7,0.0
17,6,7,0.0
17,7,7,0.0
17,8,0,1977967.0
17,9,5,7008164.0
17,10,0,0.0
17,11,0,0.0
17,12,6,0.0
17,13,3,4807855.0
17,14,2,4614354.0
17,15,5,0.0
17,16,5,0.0
17,17,5,0.0
17,18,6,88481179.0
17,19,7,0.0
17,20,6,0.0
17,21,0,4758535.0
17,22,7,0.0
17,23,5,4709268.0
17,24,1,2315932.0
17,25,4,0.0
17,26,1,4687132.0
17,27,5,2108502.0
17,28,7,0.0
17,29,4,0.0
17,30,4,0.0
17,31,5,2381922.0
17,32,1,4716612.0
17,33,4,0.0
17,34,1,2325553.0
17,35,5,0.0
17,36,7,4709270.0
17,37,5,0.0
17,38,0,0.0
17,39,1,0.0
17,40,5,0.0
17,41,0,4697329.0
17,42,5,2424252.0
17,43,3,93931259.0
17,44,5,4699647.0
17,45,0,0.0
17,46,3,0.0
17,47,1,0.0
17,48,2,0.0
17,49,5,2460161.0
17,50,2,0.0
17,51,0,0.0
17,52,6,0.0
17,53,7,0.0
17,54,6,4731036.0
17,55,7,2326934.0
17,56,6,0.0
17,57,5,0.0
17,58,5,0.0
17,59,6,92589280.0
17,60,7,4678899.0
17,61,2,6869213.0
17,62,7,0.0
17,63,2,87599049.0
17,64,0,0.0
17,65,0,0.0
17,66,5,0.0
17,67,3,0.0
17,68,0,4769016.0
17,69,1,9312630.0
17,70,1,2302228.0
17,71,1,4593923.0
17,72,3,0.0
17,73,3,2156027.0
17,74,0,4667178.0
17,75,5,88820447.0
17,76,3,4423074.0
17,77,5,87959388.0
17,78,2,0.0
17,79,5,0.0
17,80,7,86315957.0
17,81,0,0.0
17,82,3,0.0
17,83,2,2448215.0
17,84,4,7047409.0
17,85,7,0.0
17,86,6,6758464.0
17,87,2,2272881.0
17,88,3,4764991.0
17,89,4,87905829.0
17,90,3,91624532.0
17,91,1,4450626.0
17,92,1,0.0
17,93,2,0.0
17,94,2,0.0
17,95,6,0.0
17,96,1,0.0
17,97,6,2292491.0
17,98,0,4661891.0
17,99,5,4664325.0
17,100,6,0.0
17,101,0,90916712.0
17,102,5,9302537.0
17,103,6,0.0
17,104,0,9376056.0
17,105,7,2310147.0
17,106,3,7118606.0
17,107,0,0.0
17,108,5,0.0
17,109,7,4692482.0
17,110,3,0.0
17,111,7,4701302.0
17,112,7,0.0
17,113,0,88897020.0
17,114,1,0.0
17,115,7,4639828.0
17,116,6,0.0
17,117,7,4778280.0
17,118,4,2278777.0
17,119,7,0.0
17,120,7,85619389.0
17,121,5,0.0
17,122,4,2570159.0
17,123,3,6893390.0
17,124,2,0.0
17,125,0,4620937.0
17,126,5,0.0
17,127,0,0.0
18,0,2,0.0
18,1,5,0.0
18,2,4,4351181.0
18,3,3,0.0
18,4,0,0.0
18,5,7,0.0
18,6,7,0.0
18,7,7,0.0
18,8,0,2366305.0
18,9,5,7105438.0
18,10,0,0.0
18,11,0,0.0
18,12,6,0.0
18,13,3,4669281.0
18,14,2,4620392.0
18,15,5,0.0
18,16,5,0.0
18,17,5,0.0
18,18,6,88220839.0
18,19,7,0.0
18,20,6,0.0
18,21,0,4720579.0
18,22,7,0.0
18,23,5,4686468.0
18,24,1,2443703.0
18,25,4,0.0
18,26,1,4809643.0
18,27,5,2440832.0
18,28,7,0.0
18,29,4,0.0
18,30,4,0.0
18,31,5,2464967.0
18,32,1,4698115.0
18,33,4,0.0
18,34,1,2307234.0
18,35,5,0.0
18,36,7,4699983.0
18,37,5,0.0
18,38,0,0.0
18,39,1,0.0
18,40,5,0.0
18,41,0,4600364.0
18,42,5,2182390.0
18,43,3,95137122.0
18,44,5,4655124.0
18,45,0,0.0
18,46,3,0.0
18,47,1,0.0
18,48,2,0.0
18,49,5,2248951.0
18,50,2,0.0
18,51,0,0.0
18,52,6,0.0
18,53,7,0.0
18,54,6,4730719.0
18,55,7,2609172.0
18,56,6,0.0
18,57,5,0.0
18,58,5,0.0
18,59,6,93055789.0
18,60,7,4682042.0
18,61,2,7188578.0
18,62,7,0.0
18,63,2,86927049.0
18,64,0,0.0
18,65,0,0.0
18,66,5,0.0
18,67,3,0.0
18,68,0,4574894.0
18,69,1,9118868.0
18,70,1,2115716.0
18,71,1,4913618.0
18,72,3,0.0
18,73,3,2156567.0
18,74,0,4686912.0
18,75,5,90009347.0
18,76,3,4998394.0
18,77,5,87850956.0
18,78,2,0.0
18,79,5,0.0
18,80,7,85701133.0
18,81,0,0.0
18,82,3,0.0
18,83,2,2422725.0
18,84,4,7058069.0
18,85,7,0.0
18,86,6,7168234.0
18,87,2,2313308.0
18,88,3,4744619.0
18,89,4,87011558.0
18,90,3,92465179.0
18,91,1,4610058.0
18,92,1,0.0
18,93,2,0.0
18,94,2,0.0
18,95,6,0.0
18,96,1,0.0
18,97,6,2340602.0
18,98,0,4651110.0
18,99,5,4700049.0
18,100,6,0.0
18,101,0,89175534.0
18,102,5,9165300.0
18,103,6,0.0
18,104,0,9381709.0
18,105,7,2370321.0
18,106,3,7011754.0
18,107,0,0.0
18,108,5,0.0
18,109,7,4750508.0
18,110,3,0.0
18,111,7,4755437.0
18,112,7,0.0
18,113,0,85834311.0
18,114,1,0.0
18,115,7,4675275.0
18,116,6,0.0
18,117,7,4697723.0
18,118,4,2459660.0
18,119,7,0.0
18,120,7,88193393.0
18,121,5,0.0
18,122,4,2449655.0
18,123,3,7210598.0
18,124,2,0.0
18,125,0,4632878.0
18,126,5,0.0
18,127,0,0.0
19,0,2,0.0
19,1,5,0.0
19,2,4,4767397.0
19,3,3,0.0
19,4,0,0.0
19,5,7,0.0
19,6,7,0.0
19,7,7,0.0
19,8,0,2545169.0
19,9,5,6909605.0
19,10,0,0.0
19,11,0,0.0
19,12,6,0.0
19,13,3,4743138.0
19,14,2,4770126.0
19,15,5,0.0
19,16,5,0.0
19,17,5,0.0
19,18,6,87041847.0
19,19,7,0.0
19,20,6,0.0
19,21,0,4685014.0
19,22,7,0.0
19,23,5,4689413.0
19,24,1,2350802.0
19,25,4,0.0
19,26,1,4645951.0
19,27,5,2500474.0
19,28,7,0.0
19,29,4,0.0
19,30,4,0.0
19,31,5,2423375.0
19,32,1,4715871.0
19,33,4,0.0
19,34,1,2205612.0
19,35,5,0.0
19,36,7,4509270.0
19,37,5,0.0
19,38,0,0.0
19,39,1,0.0
19,40,5,0.0
19,41,0,4781613.0
19,42,5,2247366.0
19,43,3,95083396.0
19,44,5,4604682.0
19,45,0,0.0
19,46,3,0.0
19,47,1,0.0
19,48,2,0.0
19,49,5,2511422.0
19,50,2,0.0
19,51,0,0.0
19,52,6,0.0
19,53,7,0.0
19,54,6,4627956.0
19,55,7,2341362.0
19,56,6,0.0
19,57,5,0.0
19,58,5,0.0
19,59,6,93185475.0
19,60,7,4530466.0
19,61,2,7013407.0
19,62,7,0.0
19,63,2,85487227.0
19,64,0,0.0
19,65,0,0.0
19,66,5,0.0
19,67,3,0.0
19,68,0,4555017.0
19,69,1,8972639.0
19,70,1,2179147.0
19,71,1,4484229.0
19,72,3,0.0
19,73,3,2249238.0
19,74,0,4721578.0
19,75,5,87105519.0
19,76,3,4495487.0
19,77,5,86543745.0
19,78,2,0.0
19,79,5,0.0
19,80,7,87696071.0
19,81,0,0.0
19,82,3,0.0
19,83,2,2372840.0
19,84,4,7110792.0
19,85,7,0.0
19,86,6,7069631.0
19,87,2,2479329.0
19,88,3,4726348.0
19,89,4,85947259.0
19,90,3,93266603.0
19,91,1,4566711.0
19,92,1,0.0
19,93,2,0.0
19,94,2,0.0
19,95,6,0.0
19,96,1,0.0
19,97,6,2327312.0
19,98,0,4677824.0
19,99,5,4688285.0
19,100,6,0.0
19,101,0,88235205.0
19,102,5,9464035.0
19,103,6,0.0
19,104,0,9449553.0
19,105,7,2456324.0
19,106,3,7307842.0
19,107,0,0.0
19,108,5,0.0
19,109,7,4608141.0
19,110,3,0.0
19,111,7,4822051.0
19,112,7,0.0
19,113,0,88040039.0
19,114,1,0.0
19,115,7,4756581.0
19,116,6,0.0
19,117,7,4744230.0
19,118,4,2315030.0
19,119,7,0.0
19,120,7,82679217.0
19,121,5,0.0
19,122,4,2024502.0
19,123,3,7147770.0
19,124,2,0.0
19,125,0,4715690.0
19,126,5,0.0
19,127,0,0.0
