epoch,total_B_gen,total_B_adm,total_B_drop,total_N_gen,total_N_adm,total_N_drop,drop_ratio,P_q_max,P_q_mean,P_q_std,jain_P,gini_B_gen,handoffs_committed,handoffs_pending,released_buffered_bytes,released_buffered_pkts,released_buffered_pkts_dropped_at_dst,handoff_buffer_overflow_pkts,pcie_drop_pkts,pcie_accept_pkts,pcie_accept_bytes,pcie_fifo_peak_bytes,P_q[0],B_q_gen[0],B_q_drop[0],K_q[0],P_q[1],B_q_gen[1],B_q_drop[1],K_q[1],P_q[2],B_q_gen[2],B_q_drop[2],K_q[2],P_q[3],B_q_gen[3],B_q_drop[3],K_q[3],P_q[4],B_q_gen[4],B_q_drop[4],K_q[4],P_q[5],B_q_gen[5],B_q_drop[5],K_q[5],P_q[6],B_q_gen[6],B_q_drop[6],K_q[6],P_q[7],B_q_gen[7],B_q_drop[7],K_q[7]
0,176457.0,176457.0,0.0,132,132,0,0.0,0.00146484375,0.001068115234375,0.0003848120182165067,0.8851048774597458,0.18895467450993642,0,0,0.0,0,0,0,0,5343,990175.0,213186.0,0.0009765625,22628.0,0.0,12,0.00146484375,22695.0,0.0,12,0.001220703125,18512.0,0.0,11,0.00048828125,12000.0,0.0,6,0.0009765625,22628.0,0.0,12,0.00048828125,12000.0,0.0,6,0.00146484375,34110.0,0.0,20,0.00146484375,31884.0,0.0,18
1,180139.0,159139.0,21000.0,144,130,14,0.11657664359189229,0.12427015694736143,0.065229529676233,0.03246970615989012,0.8014226021330658,0.19213288071988766,0,0,0.0,0,0,0,14,4499,864903.0,262070.0,0.07602347521876505,19884.0,3000.0,14,0.0377110235908053,20282.0,1500.0,17,0.09987378227472161,22628.0,4500.0,15,0.06279296874999479,12000.0,1500.0,7,0.028840775412676475,28253.0,1500.0,17,0.12427015694736143,12099.0,3000.0,10,0.06637637479472203,34481.0,4500.0,22,0.025947680420817232,30512.0,1500.0,21
2,165772.0,132772.0,33000.0,125,103,22,0.19906860024612,0.1530269062308927,0.10597110889058023,0.02703318186771225,0.9389003285473396,0.18459993243732264,0,0,0.0,0,0,0,22,4355,767720.0,262141.0,0.07172154017856802,21000.0,3000.0,14,0.10105927857349734,22394.0,4500.0,14,0.07686089188594984,19628.0,3000.0,12,0.14315011160712926,10500.0,3000.0,5,0.09299386571941406,24426.0,4500.0,22,0.1530269062308927,9821.0,3000.0,7,0.10850222463564636,27875.0,6000.0,21,0.10045405229354423,30128.0,6000.0,19
3,180851.0,138851.0,42000.0,141,113,28,0.23223537608307265,0.15953940333238956,0.11606779877318178,0.03169200732189727,0.9306179049277877,0.21142888344548738,0,0,0.0,0,0,0,28,4484,806202.0,262130.0,0.1416737296233938,21256.0,6000.0,11,0.05927014503515778,25775.0,3000.0,16,0.08146797516475363,18512.0,3000.0,14,0.12529296874998958,12000.0,3000.0,6,0.09687394219290385,23403.0,4500.0,17,0.13898395197957805,10804.0,3000.0,8,0.12544027410728803,36042.0,9000.0,23,0.15953940333238956,33059.0,10500.0,20
4,174246.0,126796.0,47450.0,138,105,33,0.27231615072942694,0.18670241207222518,0.1386392088449534,0.040030798296358264,0.9230446082869946,0.20188411785636307,0,0,0.0,0,0,0,33,4621,794695.0,262133.0,0.0714960444991969,21256.0,3000.0,12,0.09704508140065624,23397.0,4500.0,15,0.16640747566620268,22628.0,7500.0,10,0.12529296874998958,12000.0,3000.0,6,0.16153877831763178,18639.0,6000.0,17,0.18670241207222518,10257.0,3822.0,6,0.11478298720863737,33614.0,7628.0,16,0.1858479228450875,32455.0,12000.0,16
5,181100.0,181100.0,0.0,137,137,0,0.0,0.001611328125,0.0009765625,0.00033563786828289845,0.8943412830519115,0.2082164549972383,0,0,0.0,0,0,0,0,3357,784980.0,261585.0,0.0005859375,19884.0,0.0,17,0.0008789062499999999,21601.0,0.0,17,0.0010742187499999999,22628.0,0.0,14,0.0005371093749999999,12000.0,0.0,7,0.0010742187499999999,24661.0,0.0,15,0.00078125,10828.0,0.0,7,0.00126953125,32192.0,0.0,24,0.001611328125,37306.0,0.0,26
6,186734.0,186734.0,0.0,152,152,0,0.0,0.0011230468750000001,0.00067138671875,0.0002726844226524497,0.8583740048132671,0.1965857851275068,0,0,0.0,0,0,0,0,3071,714421.0,224453.0,0.0005859375,19884.0,0.0,16,0.000732421875,22377.0,0.0,22,0.0005859375,22628.0,0.0,18,0.00029296875,12000.0,0.0,9,0.0011230468750000001,27593.0,0.0,26,0.00029296875,12770.0,0.0,12,0.0008789062499999999,35368.0,0.0,30,0.0008789062499999999,34114.0,0.0,29
7,166556.0,166556.0,0.0,129,129,0,0.0,0.00043945312499999996,0.00010986328125,0.0001418328862136505,0.3782316117030702,0.22302859098441274,0,0,0.0,0,0,0,0,3431,713581.0,123481.0,0.00043945312499999996,24559.0,0.0,21,0.000146484375,19850.0,0.0,20,0.000146484375,21128.0,0.0,18,0.0,9128.0,0.0,9,0.0,21221.0,0.0,22,0.0,7756.0,0.0,9,0.000146484375,34158.0,0.0,33,0.0,28756.0,0.0,27
8,173944.0,173944.0,0.0,145,145,0,0.0,0.000244140625,4.8828125e-05,8.802615418613256e-05,0.2421864825853599,0.20736990065768213,0,0,0.0,0,0,0,0,2989,632421.0,58701.0,0.0,20030.0,0.0,24,0.000146484375,21591.0,0.0,18,0.0,19756.0,0.0,16,0.0,10628.0,0.0,8,0.000244140625,24448.0,0.0,17,0.0,11174.0,0.0,9,0.0,35805.0,0.0,33,0.0,30512.0,0.0,24
9,191122.0,191122.0,0.0,161,161,0,0.0,0.000244140625,0.00010986328125,0.00011385960758165058,0.4862282231302699,0.21618259541026075,0,0,0.0,0,0,0,0,3037,727620.0,57416.0,0.000244140625,23739.0,0.0,22,0.000146484375,25464.0,0.0,22,0.000244140625,23300.0,0.0,17,0.0,9256.0,0.0,8,0.0,22239.0,0.0,19,0.0,12969.0,0.0,14,0.0,34512.0,0.0,25,0.000244140625,39643.0,0.0,32
10,193419.0,193419.0,0.0,147,147,0,0.0,0.00048828125,0.000286865234375,0.00017679136179150684,0.7258997971942998,0.184959207730367,0,0,0.0,0,0,0,0,2922,687804.0,53467.0,0.000390625,22321.0,0.0,21,0.000390625,24253.0,0.0,19,0.000390625,24000.0,0.0,15,0.0,10628.0,0.0,8,0.00048828125,26364.0,0.0,17,0.0,15292.0,0.0,12,0.000244140625,35933.0,0.0,25,0.000390625,34628.0,0.0,23
11,176073.0,176073.0,0.0,147,147,0,0.0,0.0006347656249999999,0.00032348632812499993,0.0001793021340523484,0.7654813901784856,0.1664174802496683,0,0,0.0,0,0,0,0,3158,697905.0,55145.0,0.00029296875,21774.0,0.0,21,0.00029296875,19758.0,0.0,18,0.00029296875,22628.0,0.0,16,0.0,12418.0,0.0,11,0.00029296875,21636.0,0.0,17,0.000244140625,14096.0,0.0,11,0.0006347656249999999,31635.0,0.0,25,0.0005371093749999999,32128.0,0.0,24
12,181526.0,181526.0,0.0,148,148,0,0.0,0.00068359375,0.000335693359375,0.00015136226522994683,0.8309482074343342,0.2161398367176044,0,0,0.0,0,0,0,0,2943,671830.0,54916.0,0.00029296875,21256.0,0.0,16,0.00029296875,21647.0,0.0,17,0.00029296875,18512.0,0.0,16,0.000244140625,11471.0,0.0,9,0.00029296875,21566.0,0.0,17,0.000146484375,13212.0,0.0,10,0.00043945312499999996,33256.0,0.0,24,0.00068359375,40606.0,0.0,37
13,168924.0,168924.0,0.0,127,127,0,0.0,0.000146484375,3.662109375e-05,6.342959500374306e-05,0.25955256787251896,0.19758145674978,0,0,0.0,0,0,0,0,3136,648608.0,56100.0,0.0,20778.0,0.0,18,0.0,21000.0,0.0,16,0.0,23181.0,0.0,21,0.000146484375,10512.0,0.0,10,0.0,21000.0,0.0,16,0.0,9643.0,0.0,9,0.000146484375,29904.0,0.0,25,0.0,32906.0,0.0,27
14,182775.0,182775.0,0.0,150,150,0,0.0,0.000244140625,7.9345703125e-05,0.00010624325674761482,0.36337791852638257,0.17402202161126978,0,0,0.0,0,0,0,0,2880,624831.0,46400.0,0.0,23186.0,0.0,18,0.000244140625,23596.0,0.0,17,0.0,19527.0,0.0,18,0.0,14605.0,0.0,20,0.000244140625,24715.0,0.0,18,0.0,12000.0,0.0,8,0.000146484375,30258.0,0.0,25,0.0,34888.0,0.0,25
15,176171.0,176171.0,0.0,145,145,0,0.0,0.00048828125,0.000128173828125,0.00016182951151810123,0.3883559878961707,0.16479088499242134,0,0,0.0,0,0,0,0,2759,655232.0,51660.0,0.000244140625,21256.0,0.0,15,0.000146484375,21597.0,0.0,17,0.0,23650.0,0.0,19,0.0,12746.0,0.0,15,0.0,22050.0,0.0,19,0.0,12423.0,0.0,9,0.000146484375,31531.0,0.0,26,0.00048828125,30918.0,0.0,23
16,188405.0,188405.0,0.0,152,152,0,0.0,0.0005371093749999999,0.0003662109375,0.00016194456984157225,0.8369201165086549,0.18552917916191114,0,0,0.0,0,0,0,0,2862,681298.0,51336.0,0.000390625,26179.0,0.0,18,0.000390625,25155.0,0.0,19,0.00048828125,21228.0,0.0,17,0.000244140625,11036.0,0.0,8,0.00048828125,25841.0,0.0,18,0.0,12491.0,0.0,9,0.000390625,30760.0,0.0,27,0.0005371093749999999,35715.0,0.0,27
17,185703.0,185703.0,0.0,149,149,0,0.0,0.0005371093749999999,0.00031738281249999996,0.00011187928942763278,0.8893509799877378,0.18305910513023393,0,0,0.0,0,0,0,0,2856,663863.0,50060.0,0.00029296875,21904.0,0.0,17,0.00029296875,24128.0,0.0,17,0.00029296875,22107.0,0.0,17,0.000146484375,12862.0,0.0,11,0.00029296875,19399.0,0.0,17,0.000244140625,15130.0,0.0,16,0.0005371093749999999,33980.0,0.0,25,0.00043945312499999996,36193.0,0.0,27
18,157186.0,157186.0,0.0,132,132,0,0.0,0.00029296875,5.4931640624999995e-05,0.00010194881035455362,0.23090400728493415,0.1792351099970726,0,0,0.0,0,0,0,0,2691,578536.0,49660.0,0.000146484375,19047.0,0.0,20,0.0,19973.0,0.0,20,0.0,17357.0,0.0,17,0.0,11879.0,0.0,11,0.00029296875,22450.0,0.0,17,0.0,10340.0,0.0,12,0.0,26012.0,0.0,24,0.0,30128.0,0.0,24
19,180307.0,180307.0,0.0,139,139,0,0.0,0.0,0.0,0.0,0.06015037593984962,0.19660426383889607,0,0,0.0,0,0,0,0,2828,654088.0,50767.0,0.0,20395.0,0.0,18,0.0,22176.0,0.0,20,0.0,21256.0,0.0,16,0.0,12000.0,0.0,8,0.0,21630.0,0.0,19,0.0,12500.0,0.0,9,0.0,36313.0,0.0,25,0.0,34037.0,0.0,27
20,188667.0,188667.0,0.0,145,145,0,0.0,0.00048828125,0.00018310546875,0.00016148384466946965,0.5646547859310561,0.1771818866044399,0,0,0.0,0,0,0,0,2712,651217.0,50904.0,0.000244140625,20846.0,0.0,16,0.000244140625,27323.0,0.0,19,0.000244140625,24000.0,0.0,15,0.0,13002.0,0.0,11,0.0,24000.0,0.0,16,0.0,12677.0,0.0,9,0.000244140625,33825.0,0.0,26,0.00048828125,32994.0,0.0,27
21,177891.0,177891.0,0.0,143,143,0,0.0,0.00029296875,0.000201416015625,5.6929803790825284e-05,0.9256902528630658,0.17905838406664665,0,0,0.0,0,0,0,0,3016,654590.0,50312.0,0.000146484375,22628.0,0.0,16,0.000146484375,17678.0,0.0,18,0.000146484375,21256.0,0.0,16,0.000244140625,10771.0,0.0,8,0.000244140625,28530.0,0.0,21,0.000244140625,15741.0,0.0,12,0.000146484375,27768.0,0.0,24,0.00029296875,33519.0,0.0,25
22,184944.0,184944.0,0.0,144,144,0,0.0,0.0006347656249999999,0.00037841796874999996,0.00015774960917138773,0.851871165633034,0.19805589800155632,0,0,0.0,0,0,0,0,2734,615226.0,41820.0,0.000390625,23223.0,0.0,16,0.000390625,25293.0,0.0,19,0.000390625,23082.0,0.0,16,0.000146484375,10628.0,0.0,8,0.000390625,20972.0,0.0,20,0.000146484375,12829.0,0.0,9,0.0006347656249999999,31974.0,0.0,24,0.0005371093749999999,36943.0,0.0,25
23,162473.0,162473.0,0.0,130,130,0,0.0,0.00029296875,0.000128173828125,0.00011434932858395505,0.5597775659592388,0.2021835935817018,0,0,0.0,0,0,0,0,2656,578374.0,46848.0,0.00029296875,18512.0,0.0,16,0.0,19246.0,0.0,18,0.0,20086.0,0.0,21,0.0,9128.0,0.0,8,0.00029296875,20447.0,0.0,17,0.000146484375,12000.0,0.0,8,0.000146484375,30666.0,0.0,25,0.000146484375,32388.0,0.0,26
24,175274.0,175274.0,0.0,141,141,0,0.0,0.000244140625,6.103515625e-05,0.0001057159916729051,0.2559005376780183,0.20288804956810402,0,0,0.0,0,0,0,0,2565,585326.0,48451.0,0.0,21000.0,0.0,16,0.000244140625,21851.0,0.0,21,0.0,27640.0,0.0,24,0.000244140625,11731.0,0.0,9,0.0,18611.0,0.0,19,0.0,10500.0,0.0,8,0.0,29441.0,0.0,25,0.0,34500.0,0.0,24
25,177428.0,177428.0,0.0,138,138,0,0.0,0.00048828125,0.00010986328125,0.00019184855524294084,0.25025059342834305,0.19784645039114368,0,0,0.0,0,0,0,0,2793,646736.0,51434.0,0.0,19884.0,0.0,16,0.000390625,23310.0,0.0,16,0.0,20250.0,0.0,19,0.0,11322.0,0.0,12,0.0,23548.0,0.0,18,0.0,12000.0,0.0,8,0.00048828125,35230.0,0.0,23,0.0,31884.0,0.0,24
26,178590.0,178590.0,0.0,139,139,0,0.0,0.00048828125,0.00025634765625,0.00012388783648794213,0.8112949151772071,0.18865977938294343,0,0,0.0,0,0,0,0,2855,661264.0,54556.0,0.0,22156.0,0.0,18,0.00029296875,22628.0,0.0,16,0.000244140625,23173.0,0.0,17,0.000244140625,13135.0,0.0,10,0.000244140625,20764.0,0.0,16,0.000244140625,10222.0,0.0,10,0.00029296875,33256.0,0.0,24,0.00048828125,33256.0,0.0,22
27,182698.0,182698.0,0.0,142,142,0,0.0,0.0006347656249999999,0.0003173828125,0.00017605230837226506,0.7646151858446706,0.17805750473458848,0,0,0.0,0,0,0,0,2878,669641.0,51767.0,0.000244140625,24212.0,0.0,16,0.000146484375,23912.0,0.0,19,0.000390625,21256.0,0.0,15,0.000146484375,13344.0,0.0,12,0.0006347656249999999,25578.0,0.0,21,0.000146484375,10628.0,0.0,8,0.0005371093749999999,29140.0,0.0,23,0.00029296875,34628.0,0.0,24
28,181212.0,181212.0,0.0,142,142,0,0.0,0.0006347656249999999,0.0003601074218749999,0.0001636607382542959,0.8287267635243054,0.19470978743129508,0,0,0.0,0,0,0,0,2437,616917.0,48156.0,0.000390625,22315.0,0.0,16,0.0006347656249999999,29930.0,0.0,25,0.00029296875,18512.0,0.0,16,0.000146484375,12299.0,0.0,9,0.00029296875,21016.0,0.0,18,0.000146484375,12000.0,0.0,8,0.00043945312499999996,33256.0,0.0,24,0.0005371093749999999,31884.0,0.0,23
29,159386.0,159386.0,0.0,123,123,0,0.0,0.0,0.0,0.0,0.06015037593984962,0.17009649530071558,0,0,0.0,0,0,0,0,2663,598075.0,52194.0,0.0,20001.0,0.0,18,0.0,19756.0,0.0,18,0.0,19628.0,0.0,16,0.0,10929.0,0.0,11,0.0,23350.0,0.0,19,0.0,10500.0,0.0,8,0.0,28756.0,0.0,24,0.0,26466.0,0.0,26
30,170188.0,170188.0,0.0,129,129,0,0.0,0.00048828125,0.00018310546875,0.00016148384466946965,0.5646547859310561,0.2059986603050734,0,0,0.0,0,0,0,0,2680,654686.0,58712.0,0.000244140625,21256.0,0.0,15,0.0,22628.0,0.0,16,0.00048828125,22628.0,0.0,14,0.000244140625,9256.0,0.0,7,0.0,21256.0,0.0,16,0.0,9256.0,0.0,8,0.000244140625,33256.0,0.0,23,0.000244140625,30652.0,0.0,24
31,179583.0,179583.0,0.0,133,133,0,0.0,0.00048828125,0.00018310546875,0.00013090582635209483,0.6624626026620183,0.20726418981752093,0,0,0.0,0,0,0,0,2586,635895.0,50368.0,0.000146484375,24000.0,0.0,16,0.00048828125,20249.0,0.0,15,0.000146484375,21256.0,0.0,17,0.000146484375,10628.0,0.0,8,0.000244140625,22369.0,0.0,16,0.0,12000.0,0.0,8,0.000146484375,31884.0,0.0,24,0.000146484375,37197.0,0.0,27
32,177788.0,177788.0,0.0,140,140,0,0.0,0.0006347656249999999,0.00029907226562499997,0.00015904314234369362,0.7794393115122715,0.19966617544491094,0,0,0.0,0,0,0,0,3087,657742.0,50203.0,0.000390625,20095.0,0.0,17,0.00029296875,21256.0,0.0,16,0.000146484375,19884.0,0.0,16,0.000146484375,12478.0,0.0,10,0.000146484375,23403.0,0.0,17,0.000244140625,12000.0,0.0,7,0.000390625,37649.0,0.0,28,0.0006347656249999999,31023.0,0.0,24
33,177851.0,177851.0,0.0,142,142,0,0.0,0.0005371093749999999,0.00032958984374999997,0.00012860905460025315,0.8677488213585588,0.2009188871583507,0,0,0.0,0,0,0,0,2808,652227.0,52032.0,0.00029296875,22628.0,0.0,16,0.00029296875,21150.0,0.0,19,0.000390625,19884.0,0.0,15,0.000146484375,14499.0,0.0,15,0.000390625,22628.0,0.0,15,0.000146484375,9256.0,0.0,8,0.0005371093749999999,30598.0,0.0,25,0.00043945312499999996,37208.0,0.0,26
34,157590.0,157590.0,0.0,126,126,0,0.0,0.0,0.0,0.0,0.06015037593984962,0.20888381242464527,0,0,0.0,0,0,0,0,2823,600271.0,50800.0,0.0,17190.0,0.0,17,0.0,19628.0,0.0,16,0.0,19503.0,0.0,20,0.0,9883.0,0.0,9,0.0,20396.0,0.0,19,0.0,9743.0,0.0,9,0.0,32491.0,0.0,28,0.0,28756.0,0.0,24
35,191300.0,191300.0,0.0,159,159,0,0.0,0.00048828125,6.103515625e-05,0.00016148384466946965,0.12853852499825885,0.17995426032409756,0,0,0.0,0,0,0,0,3122,704436.0,54392.0,0.0,23189.0,0.0,19,0.0,23982.0,0.0,18,0.00048828125,26386.0,0.0,22,0.0,9560.0,0.0,9,0.0,28537.0,0.0,26,0.0,14082.0,0.0,12,0.0,33232.0,0.0,26,0.0,32332.0,0.0,25
36,191350.0,191350.0,0.0,155,155,0,0.0,0.000244140625,0.000201416015625,8.256682897014578e-05,0.8569102279222809,0.18147504572772322,0,0,0.0,0,0,0,0,2775,669397.0,51071.0,0.000244140625,24003.0,0.0,17,0.0,23206.0,0.0,20,0.000146484375,18758.0,0.0,18,0.000244140625,14020.0,0.0,10,0.000244140625,23770.0,0.0,21,0.000244140625,15107.0,0.0,12,0.000244140625,36112.0,0.0,24,0.000244140625,36374.0,0.0,28
37,179779.0,179779.0,0.0,141,141,0,0.0,0.0006347656249999999,0.000262451171875,0.00020270656622821794,0.6268620159364573,0.21640528092824995,0,0,0.0,0,0,0,0,2743,623382.0,48456.0,0.000390625,20048.0,0.0,17,0.00048828125,24128.0,0.0,15,0.000146484375,18512.0,0.0,16,0.0,9256.0,0.0,9,0.000146484375,25093.0,0.0,22,0.000146484375,13144.0,0.0,11,0.0006347656249999999,34628.0,0.0,22,0.000146484375,34970.0,0.0,25
38,193734.0,193734.0,0.0,153,153,0,0.0,0.00087890625,0.00042724609375,0.0002450544421372648,0.7524085406917712,0.16930688469757427,0,0,0.0,0,0,0,0,2665,640300.0,54505.0,0.00029296875,20285.0,0.0,17,0.00078125,25068.0,0.0,21,0.000390625,26655.0,0.0,20,0.000244140625,13706.0,0.0,10,0.000390625,26029.0,0.0,17,0.000146484375,14261.0,0.0,11,0.00029296875,32265.0,0.0,26,0.00087890625,35465.0,0.0,24
39,195112.0,195112.0,0.0,152,152,0,0.0,0.0005371093749999999,0.00023193359375,0.00018228985013510836,0.6193710180476072,0.18878387797777618,0,0,0.0,0,0,0,0,2634,610070.0,49985.0,0.0005371093749999999,24177.0,0.0,20,0.00029296875,30364.0,0.0,28,0.00029296875,22628.0,0.0,16,0.000146484375,14016.0,0.0,11,0.0,25223.0,0.0,23,0.0,10500.0,0.0,8,0.000146484375,31715.0,0.0,25,0.00043945312499999996,36489.0,0.0,27
40,157518.0,157518.0,0.0,128,128,0,0.0,0.0,0.0,0.0,0.06015037593984962,0.23413673357965337,0,0,0.0,0,0,0,0,2952,637269.0,54888.0,0.0,22490.0,0.0,21,0.0,15201.0,0.0,19,0.0,18256.0,0.0,16,0.0,7756.0,0.0,8,0.0,20364.0,0.0,17,0.0,10628.0,0.0,8,0.0,32194.0,0.0,25,0.0,30629.0,0.0,26
41,182201.0,182201.0,0.0,140,140,0,0.0,0.00048828125,0.000152587890625,0.00016991468392425603,0.4492201892510123,0.18981303615238043,0,0,0.0,0,0,0,0,2755,620871.0,50384.0,0.0,21256.0,0.0,16,0.0,23799.0,0.0,19,0.000244140625,21256.0,0.0,15,0.000244140625,14185.0,0.0,9,0.0,27440.0,0.0,21,0.000244140625,9256.0,0.0,7,0.00048828125,33125.0,0.0,24,0.0,31884.0,0.0,24
42,181350.0,181350.0,0.0,137,137,0,0.0,0.000732421875,0.0002685546875,0.00025016969643456053,0.5363323020974685,0.1691742486903769,0,0,0.0,0,0,0,0,2996,647181.0,46748.0,0.00048828125,22628.0,0.0,14,0.00048828125,24717.0,0.0,15,0.000146484375,22628.0,0.0,16,0.000146484375,13319.0,0.0,14,0.0,21865.0,0.0,17,0.0,12000.0,0.0,9,0.000146484375,30937.0,0.0,26,0.000732421875,33256.0,0.0,21
43,187639.0,187639.0,0.0,152,152,0,0.0,0.00087890625,0.00037841796875,0.00022342535666165924,0.7414523557758171,0.22523236107632116,0,0,0.0,0,0,0,0,2807,650323.0,49656.0,0.00029296875,22628.0,0.0,16,0.000146484375,24171.0,0.0,24,0.000390625,21256.0,0.0,15,0.000146484375,12449.0,0.0,14,0.00048828125,20479.0,0.0,15,0.000244140625,10628.0,0.0,7,0.00087890625,41076.0,0.0,29,0.00043945312499999996,34952.0,0.0,26
44,182975.0,182975.0,0.0,136,136,0,0.0,0.00043945312499999996,0.00030517578125,0.00010849846700824694,0.887651879196466,0.22548640524661745,0,0,0.0,0,0,0,0,2752,656589.0,49838.0,0.00029296875,24000.0,0.0,16,0.000390625,23276.0,0.0,17,0.00029296875,22628.0,0.0,16,0.000146484375,10628.0,0.0,8,0.00029296875,18575.0,0.0,18,0.000146484375,10628.0,0.0,8,0.00043945312499999996,37240.0,0.0,29,0.00043945312499999996,36000.0,0.0,24
45,163440.0,163440.0,0.0,131,131,0,0.0,0.000146484375,1.8310546875e-05,4.844515340084089e-05,0.13639307048725063,0.16017804698972005,0,0,0.0,0,0,0,0,2776,612219.0,52700.0,0.0,18256.0,0.0,16,0.0,21484.0,0.0,17,0.0,19628.0,0.0,16,0.0,13562.0,0.0,12,0.000146484375,22278.0,0.0,20,0.0,11386.0,0.0,13,0.0,29398.0,0.0,27,0.0,27448.0,0.0,25
46,176160.0,176160.0,0.0,141,141,0,0.0,0.000244140625,7.9345703125e-05,0.00010624325674761482,0.36337791852638257,0.1970552338782916,0,0,0.0,0,0,0,0,2772,630618.0,48588.0,0.0,17140.0,0.0,16,0.000244140625,23414.0,0.0,19,0.0,21256.0,0.0,16,0.0,9256.0,0.0,8,0.000146484375,25566.0,0.0,19,0.0,14909.0,0.0,11,0.000244140625,31363.0,0.0,26,0.0,33256.0,0.0,24
47,181099.0,181099.0,0.0,142,142,0,0.0,0.000390625,0.00014648437500000002,0.0001337213275159097,0.5480279532764568,0.1784210569909268,0,0,0.0,0,0,0,0,2594,627606.0,53516.0,0.0,22628.0,0.0,16,0.000146484375,22628.0,0.0,16,0.000244140625,24000.0,0.0,15,0.0,12000.0,0.0,8,0.000146484375,22818.0,0.0,19,0.000244140625,11453.0,0.0,13,0.000390625,33250.0,0.0,25,0.0,32322.0,0.0,27
48,190306.0,190306.0,0.0,155,155,0,0.0,0.0006347656249999999,0.000335693359375,0.00020048910773506887,0.7375588182269801,0.13982349479259648,0,0,0.0,0,0,0,0,2787,676149.0,53596.0,0.000244140625,24768.0,0.0,18,0.0006347656249999999,26681.0,0.0,19,0.0,22628.0,0.0,17,0.000244140625,17199.0,0.0,13,0.000390625,23448.0,0.0,19,0.000146484375,13184.0,0.0,14,0.0005371093749999999,32844.0,0.0,25,0.00048828125,29554.0,0.0,23
49,189106.0,189106.0,0.0,159,159,0,0.0,0.0005371093749999999,0.000341796875,0.00013810679320049756,0.8595502956347811,0.21460318551500124,0,0,0.0,0,0,0,0,2934,664969.0,49752.0,0.000390625,22114.0,0.0,17,0.00029296875,25492.0,0.0,23,0.00048828125,24076.0,0.0,16,0.000146484375,8306.0,0.0,9,0.00029296875,34722.0,0.0,36,0.000146484375,10628.0,0.0,8,0.00043945312499999996,33256.0,0.0,24,0.0005371093749999999,30512.0,0.0,23
50,171701.0,171701.0,0.0,134,134,0,0.0,0.000146484375,3.662109375e-05,6.342959500374306e-05,0.25955256787251896,0.20616871771276712,0,0,0.0,0,0,0,0,2651,590409.0,52604.0,0.0,19628.0,0.0,16,0.0,21600.0,0.0,20,0.0,19628.0,0.0,16,0.000146484375,12193.0,0.0,11,0.000146484375,24675.0,0.0,27,0.0,9128.0,0.0,8,0.0,31500.0,0.0,24,0.0,33349.0,0.0,26
51,189234.0,189234.0,0.0,151,151,0,0.0,0.000244140625,6.7138671875e-05,9.11449250675542e-05,0.3578697100782796,0.20299866831541813,0,0,0.0,0,0,0,0,2603,644220.0,53804.0,0.0,21256.0,0.0,16,0.0,24076.0,0.0,23,0.0,18512.0,0.0,16,0.000146484375,14250.0,0.0,11,0.000146484375,27844.0,0.0,23,0.0,12000.0,0.0,8,0.0,37634.0,0.0,29,0.000244140625,33662.0,0.0,24
52,204076.0,204076.0,0.0,176,176,0,0.0,0.00048828125,9.765625e-05,0.00016009371397221684,0.27454187341515407,0.22192345008722159,0,0,0.0,0,0,0,0,2554,606161.0,47623.0,0.0,18512.0,0.0,16,0.00048828125,36916.0,0.0,35,0.0,21428.0,0.0,20,0.0,13402.0,0.0,12,0.000146484375,28999.0,0.0,26,0.0,12000.0,0.0,8,0.0,33256.0,0.0,24,0.000146484375,39563.0,0.0,34
53,183926.0,183926.0,0.0,157,157,0,0.0,0.00048828125,0.0002685546875,0.00016377451007078538,0.7294782554032734,0.23467318378043256,0,0,0.0,0,0,0,0,2855,650438.0,47652.0,0.000244140625,22181.0,0.0,17,0.000146484375,24106.0,0.0,21,0.00048828125,31173.0,0.0,26,0.0,11295.0,0.0,10,0.000146484375,22472.0,0.0,19,0.000244140625,5140.0,0.0,7,0.00048828125,31884.0,0.0,22,0.000390625,35675.0,0.0,29
54,175522.0,175522.0,0.0,146,146,0,0.0,0.0005371093749999999,0.00030517578125,0.00012388783648794213,0.858392844761595,0.19471775617871168,0,0,0.0,0,0,0,0,2856,639496.0,56979.0,0.000390625,26264.0,0.0,20,0.000390625,22196.0,0.0,18,0.00029296875,19137.0,0.0,17,0.000244140625,9256.0,0.0,7,0.000146484375,24439.0,0.0,22,0.000146484375,12000.0,0.0,8,0.00029296875,30512.0,0.0,24,0.0005371093749999999,31718.0,0.0,26
55,167311.0,167311.0,0.0,133,133,0,0.0,0.00029296875,0.00012817382812499998,0.00011434932858395503,0.5597775659592388,0.1674598502190523,0,0,0.0,0,0,0,0,2614,591410.0,44560.0,0.00029296875,22826.0,0.0,21,0.000146484375,22176.0,0.0,19,0.0,21000.0,0.0,16,0.000146484375,12000.0,0.0,8,0.000146484375,20853.0,0.0,20,0.0,10500.0,0.0,8,0.00029296875,30384.0,0.0,23,0.0,27572.0,0.0,25
56,168911.0,168911.0,0.0,133,133,0,0.0,0.0,0.0,0.0,0.06015037593984962,0.19393275156739254,0,0,0.0,0,0,0,0,2751,619893.0,50736.0,0.0,21093.0,0.0,19,0.0,20132.0,0.0,17,0.0,19884.0,0.0,16,0.0,13640.0,0.0,15,0.0,21394.0,0.0,17,0.0,9256.0,0.0,8,0.0,27512.0,0.0,24,0.0,36000.0,0.0,24
57,185049.0,185049.0,0.0,142,142,0,0.0,0.000244140625,0.0001220703125,0.0001220703125,0.5038317827556358,0.17430721052261755,0,0,0.0,0,0,0,0,2588,625472.0,53796.0,0.000244140625,25022.0,0.0,18,0.0,23088.0,0.0,17,0.000244140625,23159.0,0.0,16,0.0,13181.0,0.0,15,0.0,22087.0,0.0,18,0.0,12000.0,0.0,8,0.000244140625,33256.0,0.0,23,0.000244140625,33256.0,0.0,23
58,178056.0,178056.0,0.0,135,135,0,0.0,0.00048828125,0.000225830078125,0.00017252556182986538,0.6327320500331424,0.19906798984589025,0,0,0.0,0,0,0,0,2734,651723.0,53920.0,0.000146484375,24179.0,0.0,18,0.00048828125,21256.0,0.0,14,0.000146484375,22628.0,0.0,16,0.000244140625,9561.0,0.0,8,0.0,21782.0,0.0,17,0.0,12000.0,0.0,8,0.000390625,33812.0,0.0,25,0.000390625,32838.0,0.0,24
59,183133.0,183133.0,0.0,151,151,0,0.0,0.00078125,0.000360107421875,0.000216911079637657,0.733704102486259,0.21266033429256237,0,0,0.0,0,0,0,0,2636,611479.0,47716.0,0.000146484375,21532.0,0.0,19,0.000146484375,19873.0,0.0,20,0.000390625,21852.0,0.0,18,0.000146484375,12670.0,0.0,9,0.00048828125,21820.0,0.0,15,0.000244140625,11326.0,0.0,8,0.0005371093749999999,35226.0,0.0,27,0.00078125,38834.0,0.0,29
60,173688.0,173688.0,0.0,139,139,0,0.0,0.0006347656249999999,0.00037841796874999996,0.00016331894726879457,0.8429049254495518,0.22026996683708622,0,0,0.0,0,0,0,0,2742,611113.0,47888.0,0.000390625,21252.0,0.0,17,0.0006347656249999999,23851.0,0.0,19,0.0005371093749999999,22283.0,0.0,17,0.000146484375,9256.0,0.0,8,0.00029296875,17704.0,0.0,17,0.000146484375,11458.0,0.0,9,0.00043945312499999996,33256.0,0.0,24,0.00043945312499999996,34628.0,0.0,25
61,154852.0,154852.0,0.0,124,124,0,0.0,0.0,0.0,0.0,0.06015037593984962,0.20096769818923765,0,0,0.0,0,0,0,0,2699,569528.0,51448.0,0.0,18728.0,0.0,17,0.0,18456.0,0.0,20,0.0,22801.0,0.0,19,0.0,9128.0,0.0,8,0.0,16884.0,0.0,16,0.0,10835.0,0.0,9,0.0,28565.0,0.0,26,0.0,29455.0,0.0,27
62,173250.0,173250.0,0.0,141,141,0,0.0,0.000244140625,3.0517578125e-05,8.074192233473482e-05,0.1319784818902607,0.20319480519480426,0,0,0.0,0,0,0,0,3196,678394.0,57585.0,0.0,19724.0,0.0,18,0.0,19758.0,0.0,20,0.0,20536.0,0.0,17,0.0,10089.0,0.0,10,0.000244140625,24341.0,0.0,16,0.0,12290.0,0.0,11,0.0,33256.0,0.0,24,0.0,33256.0,0.0,24
63,177488.0,177488.0,0.0,144,144,0,0.0,0.00048828125,0.000262451171875,0.0001523435543743736,0.7485619814004476,0.18031359866582441,0,0,0.0,0,0,0,0,2554,648969.0,56468.0,0.0,22608.0,0.0,18,0.000244140625,19884.0,0.0,15,0.000244140625,21803.0,0.0,16,0.000244140625,12442.0,0.0,8,0.000146484375,24170.0,0.0,20,0.000244140625,11918.0,0.0,10,0.00048828125,32343.0,0.0,26,0.00048828125,32320.0,0.0,23
64,194199.0,194199.0,0.0,157,157,0,0.0,0.0005371093749999999,0.000299072265625,0.0001750975132785773,0.7452519781155199,0.17568769664107364,0,0,0.0,0,0,0,0,2524,660962.0,55731.0,0.00048828125,28431.0,0.0,20,0.000390625,25642.0,0.0,18,0.000390625,24017.0,0.0,18,0.000146484375,12393.0,0.0,10,0.000146484375,25484.0,0.0,26,0.0,11596.0,0.0,11,0.0005371093749999999,34752.0,0.0,26,0.00029296875,31884.0,0.0,24
65,192415.0,192415.0,0.0,152,152,0,0.0,0.0005371093749999999,0.00036010742187499997,0.00013133199945892339,0.8825126387857273,0.18492256320972822,0,0,0.0,0,0,0,0,2718,646006.0,51385.0,0.00029296875,23058.0,0.0,17,0.00029296875,26491.0,0.0,24,0.0005371093749999999,25057.0,0.0,18,0.000146484375,10628.0,0.0,8,0.000390625,26702.0,0.0,21,0.000244140625,12513.0,0.0,11,0.00043945312499999996,34710.0,0.0,26,0.0005371093749999999,33256.0,0.0,23
66,166434.0,166434.0,0.0,131,131,0,0.0,0.000146484375,1.8310546875e-05,4.844515340084089e-05,0.13639307048725063,0.18444398380138582,0,0,0.0,0,0,0,0,2670,620833.0,53908.0,0.0,21000.0,0.0,16,0.0,23284.0,0.0,20,0.000146484375,22001.0,0.0,20,0.0,10500.0,0.0,8,0.0,18384.0,0.0,17,0.0,11691.0,0.0,12,0.0,31983.0,0.0,29,0.0,27591.0,0.0,25
67,184586.0,184586.0,0.0,151,151,0,0.0,0.000244140625,3.0517578125e-05,8.074192233473482e-05,0.1319784818902607,0.19560936365704795,0,0,0.0,0,0,0,0,2611,657941.0,52607.0,0.0,18512.0,0.0,16,0.000244140625,25237.0,0.0,20,0.0,23457.0,0.0,20,0.0,9597.0,0.0,9,0.0,24671.0,0.0,25,0.0,15281.0,0.0,11,0.0,35947.0,0.0,26,0.0,31884.0,0.0,24
68,177896.0,177896.0,0.0,156,156,0,0.0,0.000732421875,0.00029296875,0.00020859384143841629,0.6640799930330049,0.21111773170841297,0,0,0.0,0,0,0,0,2605,628866.0,48394.0,0.000244140625,22628.0,0.0,15,0.000146484375,25575.0,0.0,25,0.000244140625,21957.0,0.0,16,0.0,8352.0,0.0,13,0.000732421875,27055.0,0.0,21,0.000244140625,8488.0,0.0,8,0.00048828125,31957.0,0.0,26,0.000244140625,31884.0,0.0,23
69,185732.0,185732.0,0.0,144,144,0,0.0,0.0006347656249999999,0.00032958984375,0.00019339574606634346,0.7437979664595432,0.18323579135528534,0,0,0.0,0,0,0,0,2945,664698.0,49544.0,0.0006347656249999999,22921.0,0.0,15,0.000146484375,22014.0,0.0,18,0.000390625,24250.0,0.0,16,0.000244140625,11579.0,0.0,9,0.000146484375,25433.0,0.0,23,0.000146484375,12604.0,0.0,10,0.00029296875,35047.0,0.0,27,0.0006347656249999999,31884.0,0.0,22
70,179591.0,179591.0,0.0,135,135,0,0.0,0.0005371093749999999,0.000311279296875,0.00014222632077308403,0.8271797250881153,0.2243493549231299,0,0,0.0,0,0,0,0,2704,627373.0,52071.0,0.00029296875,22762.0,0.0,18,0.000390625,20520.0,0.0,16,0.000146484375,22628.0,0.0,17,0.000146484375,7884.0,0.0,8,0.000390625,25421.0,0.0,19,0.000146484375,11120.0,0.0,9,0.0005371093749999999,33256.0,0.0,23,0.00043945312499999996,36000.0,0.0,24
71,170622.0,170622.0,0.0,128,128,0,0.0,0.00029296875,0.00012817382812499998,0.00011434932858395505,0.5597775659592387,0.19664814619451088,0,0,0.0,0,0,0,0,2806,621191.0,47601.0,0.000146484375,23079.0,0.0,20,0.000146484375,23274.0,0.0,20,0.000146484375,21128.0,0.0,15,0.0,9128.0,0.0,8,0.00029296875,22628.0,0.0,16,0.0,9501.0,0.0,9,0.0,30128.0,0.0,24,0.00029296875,31756.0,0.0,24
72,174975.0,174975.0,0.0,134,134,0,0.0,0.0,0.0,0.0,0.06015037593984962,0.1764744963566216,0,0,0.0,0,0,0,0,2731,605693.0,47931.0,0.0,21835.0,0.0,21,0.0,21153.0,0.0,18,0.0,21128.0,0.0,16,0.0,12000.0,0.0,8,0.0,22618.0,0.0,19,0.0,12184.0,0.0,9,0.0,33256.0,0.0,24,0.0,30801.0,0.0,26
73,181851.0,181851.0,0.0,144,144,0,0.0,0.000244140625,6.103515625e-05,0.0001057159916729051,0.2559005376780183,0.1892077854947174,0,0,0.0,0,0,0,0,2927,659065.0,54188.0,0.0,23135.0,0.0,17,0.0,22628.0,0.0,16,0.0,22859.0,0.0,17,0.000244140625,11563.0,0.0,13,0.0,24683.0,0.0,21,0.0,10628.0,0.0,8,0.000244140625,34628.0,0.0,23,0.0,31727.0,0.0,27
74,182890.0,182890.0,0.0,145,145,0,0.0,0.00048828125,0.00023193359375,0.00021388446616131876,0.5420809853529989,0.18939663185521272,0,0,0.0,0,0,0,0,2720,604032.0,40470.0,0.0,22628.0,0.0,16,0.0,18512.0,0.0,16,0.00048828125,22341.0,0.0,17,0.000146484375,13821.0,0.0,15,0.00048828125,26407.0,0.0,19,0.000244140625,12000.0,0.0,7,0.0,32012.0,0.0,26,0.00048828125,35169.0,0.0,23
75,175746.0,175746.0,0.0,140,140,0,0.0,0.00048828125,0.00032958984375,0.0001353825257130056,0.8555285109549411,0.1708303460676195,0,0,0.0,0,0,0,0,2694,650970.0,54346.0,0.00048828125,22437.0,0.0,18,0.00048828125,21256.0,0.0,14,0.00029296875,21009.0,0.0,18,0.000146484375,12801.0,0.0,11,0.00029296875,23847.0,0.0,19,0.000146484375,12000.0,0.0,8,0.00048828125,33256.0,0.0,22,0.00029296875,29140.0,0.0,24
76,187231.0,187231.0,0.0,144,144,0,0.0,0.0005371093749999999,0.00034790039062499996,0.00015715811999003577,0.8304324364496439,0.18697825146476732,0,0,0.0,0,0,0,0,2751,650442.0,53272.0,0.00029296875,24907.0,0.0,22,0.00029296875,23300.0,0.0,18,0.00029296875,24774.0,0.0,18,0.000146484375,12076.0,0.0,10,0.0005371093749999999,21920.0,0.0,18,0.000146484375,12000.0,0.0,8,0.0005371093749999999,36370.0,0.0,24,0.0005371093749999999,31884.0,0.0,23
77,164247.0,164247.0,0.0,138,138,0,0.0,0.000146484375,5.4931640624999995e-05,7.091644310682526e-05,0.3828088039086259,0.21589359318587165,0,0,0.0,0,0,0,0,2757,578612.0,49779.0,0.0,18256.0,0.0,16,0.0,22162.0,0.0,24,0.000146484375,20181.0,0.0,19,0.0,9474.0,0.0,11,0.000146484375,24539.0,0.0,23,0.0,8355.0,0.0,9,0.0,30128.0,0.0,24,0.000146484375,31152.0,0.0,26
78,196821.0,196821.0,0.0,160,160,0,0.0,0.000244140625,4.8828125e-05,8.802615418613256e-05,0.2421864825853599,0.21146816142586333,0,0,0.0,0,0,0,0,2611,641436.0,49521.0,0.0,28035.0,0.0,23,0.0,25840.0,0.0,23,0.0,24078.0,0.0,19,0.0,10589.0,0.0,10,0.0,23127.0,0.0,20,0.0,11295.0,0.0,9,0.000244140625,34958.0,0.0,26,0.000146484375,38899.0,0.0,31
79,194641.0,194641.0,0.0,143,143,0,0.0,0.00048828125,0.000311279296875,0.0001952171092739194,0.718784021571193,0.19849042596369637,0,0,0.0,0,0,0,0,2740,632322.0,47596.0,0.00048828125,25025.0,0.0,16,0.00048828125,22467.0,0.0,15,0.000244140625,24998.0,0.0,19,0.0,12000.0,0.0,8,0.00048828125,24750.0,0.0,16,0.0,11957.0,0.0,9,0.000390625,34628.0,0.0,23,0.000390625,38816.0,0.0,28
80,183603.0,183603.0,0.0,141,141,0,0.0,0.0005371093749999999,0.000323486328125,9.114492506755418e-05,0.926323044839965,0.1784100749987736,0,0,0.0,0,0,0,0,2772,647160.0,51104.0,0.00029296875,21528.0,0.0,17,0.00029296875,23731.0,0.0,17,0.000390625,24000.0,0.0,15,0.000244140625,12000.0,0.0,7,0.00029296875,23576.0,0.0,20,0.000244140625,12576.0,0.0,9,0.0005371093749999999,30991.0,0.0,24,0.00029296875,35201.0,0.0,28
81,179194.0,179194.0,0.0,134,134,0,0.0,0.0005371093749999999,0.00033569335937499995,0.00011037073559585646,0.9023333931813734,0.190751364443005,0,0,0.0,0,0,0,0,3017,696226.0,57108.0,0.00029296875,21457.0,0.0,17,0.00029296875,21256.0,0.0,16,0.00029296875,22831.0,0.0,17,0.000146484375,10628.0,0.0,8,0.00029296875,24215.0,0.0,19,0.000390625,12295.0,0.0,8,0.00043945312499999996,33256.0,0.0,24,0.0005371093749999999,33256.0,0.0,23
82,166094.0,166094.0,0.0,132,132,0,0.0,0.0,0.0,0.0,0.06015037593984962,0.17874366322684643,0,0,0.0,0,0,0,0,2621,584293.0,49423.0,0.0,21238.0,0.0,19,0.0,21209.0,0.0,19,0.0,21541.0,0.0,17,0.0,9128.0,0.0,8,0.0,26338.0,0.0,29,0.0,10500.0,0.0,9,0.0,28756.0,0.0,24,0.0,27384.0,0.0,24
83,187448.0,187448.0,0.0,143,143,0,0.0,0.0,0.0,0.0,0.06015037593984962,0.20429399086679956,0,0,0.0,0,0,0,0,2880,629408.0,47309.0,0.0,22325.0,0.0,18,0.0,24084.0,0.0,18,0.0,21609.0,0.0,17,0.0,12000.0,0.0,8,0.0,26078.0,0.0,21,0.0,10628.0,0.0,8,0.0,34741.0,0.0,26,0.0,35983.0,0.0,27
84,189894.0,189894.0,0.0,153,153,0,0.0,0.00048828125,0.00018310546875,0.00016148384466946965,0.5646547859310561,0.17256206093925996,0,0,0.0,0,0,0,0,2746,665606.0,51596.0,0.000244140625,26839.0,0.0,19,0.000244140625,25205.0,0.0,18,0.0,24348.0,0.0,18,0.000244140625,14214.0,0.0,10,0.0,21044.0,0.0,22,0.0,12000.0,0.0,8,0.000244140625,32366.0,0.0,28,0.00048828125,33878.0,0.0,24
85,190430.0,190430.0,0.0,152,152,0,0.0,0.00048828125,0.000274658203125,0.00012433806632973244,0.8297753963006638,0.20582234941973354,0,0,0.0,0,0,0,0,2632,678327.0,57221.0,0.000390625,25448.0,0.0,18,0.000146484375,25600.0,0.0,28,0.000244140625,19884.0,0.0,15,0.000146484375,12397.0,0.0,9,0.00048828125,24547.0,0.0,17,0.000244140625,10628.0,0.0,7,0.000390625,36130.0,0.0,27,0.000146484375,35796.0,0.0,26
86,181010.0,181010.0,0.0,141,141,0,0.0,0.0006347656249999999,0.00035400390624999993,0.00016148384466946962,0.8276704847041169,0.18697171426992898,0,0,0.0,0,0,0,0,2961,642969.0,53293.0,0.00029296875,23935.0,0.0,19,0.000146484375,22881.0,0.0,17,0.000390625,21256.0,0.0,15,0.000390625,13038.0,0.0,10,0.00029296875,23574.0,0.0,21,0.000146484375,10628.0,0.0,8,0.0005371093749999999,36558.0,0.0,24,0.0006347656249999999,29140.0,0.0,22
87,177124.0,177124.0,0.0,141,141,0,0.0,0.0006347656249999999,0.000262451171875,0.00017252556182986532,0.6981522559365679,0.1790722883403708,0,0,0.0,0,0,0,0,2732,585721.0,43987.0,0.000146484375,25030.0,0.0,19,0.0006347656249999999,25452.0,0.0,20,0.00029296875,22628.0,0.0,16,0.000146484375,12640.0,0.0,12,0.000146484375,19436.0,0.0,18,0.000146484375,10628.0,0.0,8,0.000146484375,32170.0,0.0,27,0.00043945312499999996,29140.0,0.0,24
88,168701.0,168701.0,0.0,125,125,0,0.0,0.000146484375,3.662109375e-05,6.342959500374306e-05,0.25955256787251896,0.21341233899028356,0,0,0.0,0,0,0,0,2913,624202.0,53300.0,0.0,16443.0,0.0,17,0.000146484375,22593.0,0.0,19,0.000146484375,20048.0,0.0,16,0.0,11382.0,0.0,9,0.0,22854.0,0.0,17,0.0,10500.0,0.0,8,0.0,36125.0,0.0,26,0.0,28756.0,0.0,24
89,178100.0,178100.0,0.0,138,138,0,0.0,0.000244140625,6.103515625e-05,0.0001057159916729051,0.2559005376780183,0.19186131386861227,0,0,0.0,0,0,0,0,2830,656617.0,50156.0,0.000244140625,22628.0,0.0,15,0.0,22885.0,0.0,18,0.0,23805.0,0.0,21,0.0,9256.0,0.0,8,0.000244140625,23030.0,0.0,18,0.0,12000.0,0.0,8,0.0,28496.0,0.0,26,0.0,36000.0,0.0,24
90,195049.0,195049.0,0.0,156,156,0,0.0,0.00048828125,0.000250244140625,0.0001989970750354139,0.6137386509997631,0.15755335838686602,0,0,0.0,0,0,0,0,2708,669761.0,54452.0,0.000146484375,23049.0,0.0,17,0.000244140625,21256.0,0.0,15,0.00048828125,25829.0,0.0,18,0.0,14472.0,0.0,15,0.000146484375,23921.0,0.0,18,0.0,17081.0,0.0,15,0.00048828125,34062.0,0.0,28,0.00048828125,35379.0,0.0,23
91,195824.0,195824.0,0.0,161,161,0,0.0,0.0005371093749999999,0.0003173828125,0.0001118792894276328,0.8893509799877382,0.1966127747364972,0,0,0.0,0,0,0,0,2684,660306.0,56001.0,0.000390625,25000.0,0.0,21,0.000146484375,19629.0,0.0,18,0.00029296875,26285.0,0.0,22,0.000244140625,12360.0,0.0,10,0.000390625,28763.0,0.0,24,0.000244140625,12575.0,0.0,9,0.00029296875,36330.0,0.0,26,0.0005371093749999999,34882.0,0.0,26
92,185814.0,185814.0,0.0,150,150,0,0.0,0.00068359375,0.00034790039062499996,0.00017338711805837145,0.8009526765528826,0.20728524223147793,0,0,0.0,0,0,0,0,2786,657906.0,49108.0,0.00029296875,26599.0,0.0,22,0.000390625,22628.0,0.0,15,0.00029296875,21828.0,0.0,19,0.000146484375,11958.0,0.0,10,0.00029296875,24091.0,0.0,21,0.000146484375,9470.0,0.0,9,0.0005371093749999999,33122.0,0.0,25,0.00068359375,36118.0,0.0,26
93,166048.0,166048.0,0.0,131,131,0,0.0,0.000146484375,7.32421875e-05,7.32421875e-05,0.5060893368656485,0.22617104692618906,0,0,0.0,0,0,0,0,2741,614678.0,54927.0,0.0,16884.0,0.0,16,0.000146484375,24166.0,0.0,21,0.000146484375,22515.0,0.0,19,0.0,10797.0,0.0,9,0.000146484375,20362.0,0.0,17,0.0,7756.0,0.0,8,0.000146484375,30128.0,0.0,23,0.0,33440.0,0.0,31
94,181898.0,181898.0,0.0,149,149,0,0.0,0.000244140625,8.544921875000001e-05,9.052976668817948e-05,0.4761883454961297,0.1987624932654557,0,0,0.0,0,0,0,0,2817,660873.0,58472.0,0.0,22628.0,0.0,16,0.000146484375,18857.0,0.0,17,0.0,21838.0,0.0,18,0.0,12246.0,0.0,12,0.000146484375,24493.0,0.0,21,0.0,12210.0,0.0,10,0.000146484375,35054.0,0.0,28,0.000244140625,34572.0,0.0,27
95,184018.0,184018.0,0.0,143,143,0,0.0,0.000390625,0.0001953125,0.000106418431238786,0.7718259204501651,0.20841031855579262,0,0,0.0,0,0,0,0,2913,644885.0,50152.0,0.000244140625,21529.0,0.0,18,0.000146484375,21656.0,0.0,17,0.000244140625,24000.0,0.0,15,0.0,8024.0,0.0,9,0.000146484375,23381.0,0.0,20,0.000244140625,14575.0,0.0,11,0.000390625,34628.0,0.0,23,0.000146484375,36225.0,0.0,26
96,176590.0,176590.0,0.0,147,147,0,0.0,0.0006347656249999999,0.000299072265625,0.00015904314234369362,0.779439311512272,0.15225239254770861,0,0,0.0,0,0,0,0,2743,614601.0,52784.0,0.000146484375,23490.0,0.0,18,0.000146484375,21256.0,0.0,16,0.000390625,18512.0,0.0,15,0.000244140625,13714.0,0.0,9,0.000146484375,23902.0,0.0,25,0.0006347656249999999,14692.0,0.0,12,0.00029296875,30512.0,0.0,24,0.000390625,30512.0,0.0,23
97,184697.0,184697.0,0.0,138,138,0,0.0,0.0005371093749999999,0.00035400390625,0.0001418328862136505,0.8615877622695277,0.17827644737055737,0,0,0.0,0,0,0,0,2686,602929.0,46176.0,0.000390625,25107.0,0.0,17,0.000390625,24000.0,0.0,15,0.00029296875,24000.0,0.0,16,0.000146484375,13871.0,0.0,12,0.000390625,23323.0,0.0,19,0.000146484375,9256.0,0.0,10,0.0005371093749999999,31884.0,0.0,23,0.0005371093749999999,33256.0,0.0,23
98,166972.0,166972.0,0.0,138,138,0,0.0,0.000390625,6.7138671875e-05,0.00013133199945892344,0.21168734513249932,0.1720707663560348,0,0,0.0,0,0,0,0,2892,614565.0,49724.0,0.0,21165.0,0.0,17,0.0,16884.0,0.0,16,0.0,21000.0,0.0,16,0.000390625,12844.0,0.0,11,0.0,22814.0,0.0,26,0.000146484375,12332.0,0.0,11,0.0,31386.0,0.0,28,0.0,28547.0,0.0,26
99,193240.0,193240.0,0.0,160,160,0,0.0,0.00048828125,9.1552734375e-05,0.00016991468392425603,0.22860101493294,0.19429465949078795,0,0,0.0,0,0,0,0,2981,670594.0,49576.0,0.0,22857.0,0.0,17,0.000244140625,25798.0,0.0,23,0.0,22628.0,0.0,16,0.0,14220.0,0.0,12,0.0,21925.0,0.0,20,0.0,12480.0,0.0,10,0.0,40158.0,0.0,35,0.00048828125,33174.0,0.0,27
