epoch,total_B_gen,total_B_adm,total_B_drop,total_N_gen,total_N_adm,total_N_drop,drop_ratio,P_q_max,P_q_mean,P_q_std,jain_P,gini_B_gen,reassignments,pred_risk_max,pcie_drop_pkts,P_q[0],B_q_gen[0],B_q_drop[0],K_q[0],P_q[1],B_q_gen[1],B_q_drop[1],K_q[1],P_q[2],B_q_gen[2],B_q_drop[2],K_q[2],P_q[3],B_q_gen[3],B_q_drop[3],K_q[3],P_q[4],B_q_gen[4],B_q_drop[4],K_q[4],P_q[5],B_q_gen[5],B_q_drop[5],K_q[5],P_q[6],B_q_gen[6],B_q_drop[6],K_q[6],P_q[7],B_q_gen[7],B_q_drop[7],K_q[7]
0,813718.0,813718.0,0.0,5211,5211,0,0.0,0.18310546875,0.08123779296875,0.05068605009091346,0.7197979665873075,0.17519490781818736,0,0.11494708125,0,0.18310546875,174397.0,0.0,325,0.078125,128060.0,0.0,328,0.066162109375,87491.0,0.0,329,0.099365234375,101485.0,0.0,332,0.00732421875,66068.0,0.0,258,0.08203125,70372.0,0.0,334,0.023681640625,79633.0,0.0,307,0.110107421875,106212.0,0.0,336
1,756764.0,705764.0,51000.0,4403,4369,34,0.06739221210311264,0.22720443077833058,0.14579291523185728,0.054054545147785495,0.8791480618676568,0.19209489352030462,0,0.09836123231130788,34,0.22720443077833058,138842.0,7500.0,336,0.1711634294532689,144789.0,7500.0,333,0.08937181292307717,79551.0,6000.0,329,0.14680286312465263,86408.0,3000.0,332,0.08940906669804924,51512.0,9000.0,108,0.1273004212883952,56256.0,4500.0,334,0.09001073940305782,88031.0,7500.0,334,0.22508055818602668,111375.0,6000.0,338
2,707332.0,634948.0,72384.0,4304,4252,52,0.10233384040309203,0.29948398107074364,0.19248833035899296,0.064276985676856,0.8996794311206356,0.13737466988627678,0,0.11454274919264662,52,0.23823491145397357,93201.0,15000.0,337,0.23025530921069562,135762.0,10628.0,334,0.14390982775305725,77549.0,6000.0,337,0.21357204927864037,87777.0,6000.0,334,0.1207640761162474,55196.0,12000.0,151,0.20147552782376965,76779.0,6000.0,327,0.0922109601648162,75144.0,7628.0,336,0.29948398107074364,105924.0,9128.0,336
3,754575.0,667351.0,87224.0,4431,4371,60,0.11559354603584783,0.3436767945204686,0.22877611649549487,0.08251183515326299,0.884892964536591,0.15340208064142047,0,0.14881782344488417,60,0.32201725352650307,142231.0,19500.0,331,0.2828477131185961,121717.0,21000.0,330,0.20743308161851082,97860.0,6128.0,337,0.24802058356859236,88599.0,6000.0,339,0.09156352045716366,62472.0,9000.0,165,0.20225462249297743,56965.0,4596.0,335,0.13239536266114704,94944.0,10500.0,334,0.3436767945204686,89787.0,10500.0,339
4,770579.0,667899.0,102680.0,4751,4516,235,0.13325045193289703,0.4611682608760774,0.27151367095633644,0.11733137377417271,0.8426422493084114,0.17020204936807248,0,0.20487259093056426,56,0.4322115107072544,160773.0,27000.0,337,0.27259131636744743,117584.0,13500.0,332,0.18140476670923228,62256.0,4500.0,335,0.3043153252913439,97136.0,3096.0,336,0.12292814971791644,74402.0,12000.0,264,0.2556467587918754,65252.0,6096.0,327,0.14184327918954442,88876.0,9000.0,338,0.4611682608760774,104300.0,27488.0,336
5,720592.0,603880.0,116712.0,4024,3220,804,0.16196682727535114,0.6323645506483049,0.2624641424570375,0.18678022900476762,0.6638198410069729,0.15968571674401022,0,0.2741225718460625,0,0.4480614796329949,124733.0,36108.0,329,0.23242187499999997,114078.0,0.0,332,0.145458984375,60812.0,0.0,331,0.32065429687499997,91693.0,0.0,336,0.03671875,77796.0,0.0,333,0.212255859375,54964.0,0.0,337,0.07177734375,75311.0,0.0,333,0.6323645506483049,121205.0,80604.0,336
6,708354.0,527687.0,180667.0,3998,2919,1079,0.2550518526047707,0.6653178882186495,0.2933544489568573,0.20875452807088274,0.6638380302027582,0.22812922634727806,0,0.30005266040907486,0,0.6653178882186495,168597.0,123183.0,337,0.27910156249999996,125467.0,0.0,337,0.1650390625,68140.0,0.0,329,0.48513840173915823,87456.0,31452.0,328,0.035791015625,74015.0,0.0,335,0.187646484375,32774.0,0.0,328,0.0673828125,71221.0,0.0,330,0.46141836419705073,80684.0,26032.0,328
7,719427.0,547025.0,172402.0,4350,3302,1048,0.23963793407809236,0.5926837875272357,0.3200710150421302,0.20469502398775802,0.7097238869595301,0.17289818841939475,0,0.3083834127932693,0,0.5199309547351291,119342.0,52494.0,335,0.34900043149731913,132243.0,5108.0,335,0.191162109375,68903.0,0.0,334,0.5703396653273579,89412.0,48448.0,336,0.049951171875,76087.0,0.0,333,0.19716796875,43985.0,0.0,328,0.09033203125,76104.0,0.0,334,0.5926837875272357,113351.0,66352.0,332
8,677904.0,458477.0,219427.0,4068,2844,1224,0.32368447449786353,0.5885057312704229,0.34774481561721104,0.21890156876300398,0.7162007742771384,0.15963580388963616,0,0.2922142631180858,0,0.5885057312704229,130966.0,76413.0,333,0.5578785896761103,116136.0,59932.0,335,0.19765625,67749.0,0.0,327,0.5038450621649764,75555.0,30744.0,333,0.0328125,62132.0,0.0,331,0.266357421875,68644.0,0.0,335,0.065771484375,59487.0,0.0,335,0.5691314855761787,97235.0,52338.0,334
9,699974.0,536498.0,163476.0,3800,2876,924,0.2335458174160751,0.5603062299122141,0.3224585813172899,0.19328457250342576,0.7356775694077301,0.1492469720303895,0,0.29924182316990794,0,0.4195492992599965,125557.0,29481.0,335,0.4851159762972952,120780.0,44752.0,337,0.21640625,72005.0,0.0,331,0.5603062299122141,95071.0,49523.0,333,0.050146484375,78928.0,0.0,333,0.26206054687499997,54741.0,0.0,333,0.052587890625,67837.0,0.0,331,0.533495973193813,85055.0,39720.0,329
10,715025.0,494385.0,220640.0,4085,2775,1310,0.30857662319499274,0.5944716329036566,0.34475456835987656,0.21434260692954352,0.7212185623015823,0.159998776266564,0,0.3354353135712988,0,0.5944716329036566,133781.0,78907.0,337,0.44276614001173187,110423.0,32791.0,335,0.2056640625,61913.0,0.0,335,0.5570439903391886,99225.0,50991.0,332,0.041748046875,75094.0,0.0,331,0.2845703125,54208.0,0.0,338,0.056982421874999994,74935.0,0.0,332,0.5747899398744355,105446.0,57951.0,334
11,727070.0,521832.0,205238.0,4170,3011,1159,0.2822809358108569,0.6416476603039971,0.34336288822890904,0.20427738478762125,0.7385832877705065,0.15576113716698514,0,0.390866250064599,0,0.5565122154133235,120409.0,61761.0,339,0.4406367461423535,116935.0,32000.0,328,0.24155273437499997,74784.0,0.0,332,0.45254007772159854,72625.0,22199.0,333,0.03251953125,78586.0,0.0,335,0.30136718749999997,53559.0,0.0,332,0.080126953125,79514.0,0.0,329,0.6416476603039971,130658.0,89278.0,336
12,670058.0,490304.0,179754.0,3693,2795,898,0.2682663291834434,0.545233660526547,0.3424576391549355,0.195061534414768,0.7550381506815258,0.1752609475597633,0,0.31360070310079713,0,0.5351455138727748,125207.0,59544.0,334,0.545233660526547,118422.0,58776.0,335,0.281884765625,80952.0,0.0,333,0.48076689158420394,80291.0,29122.0,328,0.01318359375,58627.0,0.0,336,0.289453125,38773.0,0.0,335,0.087255859375,89694.0,0.0,339,0.5067377035059583,78092.0,32312.0,333
13,662942.0,479684.0,183258.0,4000,3009,991,0.2764314223567065,0.5860439453048677,0.35681524193659253,0.19086948880217403,0.7775172840185453,0.15539142187400978,0,0.3139255080138821,0,0.4926222872684183,110437.0,42157.0,331,0.5860439453048677,127989.0,72721.0,333,0.269775390625,59206.0,0.0,334,0.5527374213221459,83092.0,41936.0,339,0.0283203125,81536.0,0.0,335,0.37909822590225,53034.0,7644.0,330,0.111669921875,77708.0,0.0,330,0.43425443069505815,69940.0,18800.0,333
14,757478.0,442056.0,315422.0,4541,2730,1811,0.41641077364623075,0.6613595770161294,0.40076362310824865,0.2306700364938639,0.7511522351423711,0.2010444527761861,0,0.3958939450067919,0,0.5675624882774182,125459.0,67173.0,338,0.6511070523058762,150344.0,105882.0,333,0.2890625,69840.0,0.0,334,0.556329974255021,91987.0,47185.0,335,0.043505859375000004,86602.0,0.0,331,0.3538319242615442,45018.0,4860.0,331,0.083349609375,63354.0,0.0,333,0.6613595770161294,124874.0,90322.0,332
15,781823.0,479061.0,302762.0,4602,2614,1988,0.3872513343813109,0.6460060283995959,0.3885441360695404,0.2248437998583201,0.7491345115303085,0.1889112049658297,0,0.42764457576914355,0,0.5958600104948906,142882.0,84588.0,340,0.4700329321758613,117296.0,39728.0,335,0.286376953125,66146.0,0.0,334,0.6460060283995959,139761.0,96689.0,331,0.030615234374999998,76267.0,0.0,335,0.39106852596327035,51024.0,9398.0,331,0.073974609375,73397.0,0.0,336,0.6144187946477049,115050.0,72359.0,336
16,695874.0,492893.0,202981.0,3812,2710,1102,0.29169217415796495,0.5507954536020041,0.36759411912059814,0.19485133497253407,0.7806545787624989,0.1440918183464246,0,0.3263183342450532,0,0.5384363971171993,123593.0,58914.0,336,0.4672818302860639,115568.0,38868.0,332,0.27275390625,56728.0,0.0,338,0.5507954536020041,82808.0,41560.0,339,0.033544921875,77177.0,0.0,329,0.4342626354872226,60234.0,16092.0,338,0.09619140624999999,83763.0,0.0,335,0.5474864020972952,96003.0,47547.0,334
17,715291.0,478160.0,237131.0,4047,2707,1340,0.33151682322299547,0.6372380571684066,0.3697499706020311,0.20669846087054272,0.761901350200743,0.19633530269498678,0,0.37380761611306484,0,0.6372380571684066,147599.0,99552.0,339,0.4941353541304627,119410.0,46515.0,332,0.29204101562499996,71065.0,0.0,331,0.36196835155993656,60980.0,8308.0,336,0.025634765625,69365.0,0.0,334,0.444694342574081,49589.0,14612.0,333,0.10219726562499999,83707.0,0.0,335,0.6000906125083618,113576.0,68144.0,330
18,683699.0,421350.0,262349.0,4175,2559,1616,0.3837200288431014,0.6037458041903654,0.4018467549041467,0.2220681517051106,0.7660559042398621,0.14123046106546866,0,0.35883498072139886,0,0.5875710117460425,115205.0,66563.0,327,0.48364917044626243,104288.0,38702.0,331,0.2689453125,52504.0,0.0,330,0.6037458041903654,106533.0,63844.0,337,0.010693359375,63576.0,0.0,331,0.5489144666058223,73484.0,36360.0,331,0.114794921875,72177.0,0.0,330,0.5964599924946806,95932.0,56880.0,331
19,707376.0,473781.0,233595.0,4072,2689,1383,0.3302274886340499,0.6704188899894529,0.37436433415606707,0.21317705247978772,0.7551398215765751,0.18147774309560938,0,0.4033844817543483,0,0.5324406957714296,118703.0,55206.0,328,0.4385616013304736,116333.0,32000.0,336,0.3487683330710933,84707.0,4796.0,331,0.5639122648712911,87899.0,46421.0,333,0.0,63092.0,0.0,229,0.3268480444647963,36304.0,2428.0,333,0.11396484375,75150.0,0.0,330,0.6704188899894529,125188.0,92744.0,332
20,697391.0,462550.0,234841.0,3878,2567,1311,0.3367422292515958,0.6019586791655143,0.37923560381215726,0.20211945217985494,0.7787845937069465,0.17107135738774937,0,0.37927743017524945,0,0.6019586791655143,148502.0,90118.0,338,0.5182244309093313,110381.0,48208.0,340,0.32803118413727744,60851.0,3768.0,331,0.5271169446130303,78676.0,36060.0,329,0.00439453125,71734.0,0.0,255,0.4337172105513508,58531.0,15939.0,333,0.109716796875,73160.0,0.0,336,0.5107250529957541,95556.0,40748.0,336
21,756756.0,476699.0,280057.0,4583,2873,1710,0.3700756915042624,0.6659086962859666,0.4111420073569646,0.20290584275336065,0.8041431487402151,0.13169370312227446,0,0.37393137996665954,0,0.4781081504855267,126383.0,45464.0,337,0.6659086962859666,146793.0,107397.0,330,0.4425335619802192,70613.0,21681.0,334,0.4778562041592931,81396.0,28731.0,331,0.03828125,87528.0,0.0,328,0.5678080022724742,84118.0,44636.0,337,0.121923828125,77621.0,0.0,340,0.4967163655472372,82304.0,32148.0,339
22,739415.0,430282.0,309133.0,4422,2590,1832,0.4180778047510526,0.6013319980959086,0.4327592610083647,0.21742322331103894,0.7984559132925771,0.1496252104704392,0,0.36470319801070566,0,0.5940108293158235,150001.0,88072.0,332,0.5055173471226326,108224.0,44896.0,331,0.4917058425927543,91894.0,33932.0,338,0.595663757256564,90220.0,53376.0,334,0.0005859375,57699.0,0.0,284,0.5405923605582342,68377.0,32922.0,333,0.132666015625,80157.0,0.0,331,0.6013319980959086,92843.0,55935.0,333
23,688053.0,415901.0,272152.0,4116,2526,1590,0.3955392971180993,0.6085265366294118,0.4191696654432989,0.21362238024404048,0.7938240290023559,0.13786565133790551,0,0.3393607745882893,0,0.6085265366294118,119948.0,73944.0,333,0.4860561205970797,116723.0,43947.0,332,0.5015791004061034,79382.0,31988.0,331,0.550162063585407,85394.0,42708.0,335,0.008154296875,69547.0,0.0,287,0.5051383121361426,64071.0,26437.0,336,0.10810546875,60036.0,0.0,334,0.5856354245672467,92952.0,53128.0,337
24,673060.0,410052.0,263008.0,3843,2424,1419,0.3907645677948468,0.6109716851883062,0.3972144679178694,0.21526083283940484,0.7729864434326511,0.19993499836567286,0,0.36022600381426945,0,0.6109716851883062,135811.0,84984.0,330,0.4954318427187161,116360.0,45140.0,342,0.5996103363412602,97520.0,58436.0,338,0.44293498475384985,67886.0,20043.0,334,0.0005859375,55246.0,0.0,235,0.37759585111661287,43961.0,7183.0,336,0.09697265625,63231.0,0.0,330,0.5536124494742101,93045.0,47222.0,336
25,722893.0,469308.0,253585.0,4284,2655,1629,0.3507918875960891,0.6366741574882977,0.38914882298759806,0.2107858547138268,0.773159506195116,0.14760984682380363,0,0.40517243083893184,0,0.5283611541289148,126159.0,58211.0,330,0.51516000875785,115896.0,50144.0,335,0.47975102318387736,78550.0,28446.0,328,0.3338465226905331,67042.0,4152.0,336,0.010107421875000001,76119.0,0.0,308,0.5164192020263116,65476.0,28916.0,330,0.09287109375,69287.0,0.0,332,0.6366741574882977,124364.0,83716.0,335
26,749671.0,482674.0,266997.0,4313,2716,1597,0.3561522321124862,0.59127812943032,0.3965754780965451,0.20285833153099025,0.79260783449288,0.16240507502624468,0,0.3568090447058113,0,0.5696236685167276,140395.0,75406.0,333,0.5267355519382069,140181.0,63349.0,332,0.41590544240851884,71833.0,16806.0,335,0.4723020732420148,85805.0,29552.0,333,0.01337890625,66858.0,0.0,248,0.4780577873615728,67004.0,23534.0,339,0.105322265625,77433.0,0.0,332,0.59127812943032,100162.0,58350.0,332
27,712684.0,486943.0,225741.0,3942,2736,1206,0.316747674986389,0.6050269424251103,0.3823676316517741,0.203480828502907,0.7793051104227255,0.1522273546199997,0,0.3518302340497156,0,0.41043683400130343,118830.0,26200.0,329,0.548799091278211,126471.0,63117.0,330,0.3563333243854331,69485.0,7754.0,336,0.6031444549963036,94770.0,57458.0,333,0.033984375,83109.0,0.0,329,0.4049757967528318,52183.0,10961.0,339,0.096240234375,69120.0,0.0,331,0.6050269424251103,98716.0,60251.0,337
28,675770.0,435705.0,240065.0,3592,2295,1297,0.3552466075735822,0.5847814638350746,0.39511882932489767,0.20932133980525836,0.7808509067624229,0.15048870177723161,0,0.33713404361651644,0,0.5306968301455491,118996.0,54904.0,332,0.46496322599107404,120286.0,39803.0,338,0.4243433272621136,65297.0,18668.0,330,0.5572389679422417,93701.0,48262.0,336,0.012158203125,63420.0,0.0,330,0.5133799444231284,63212.0,26964.0,334,0.07338867187499999,60470.0,0.0,332,0.5847814638350746,90388.0,51464.0,329
29,677669.0,438689.0,238980.0,4095,2540,1555,0.3526500400638064,0.6274967803397815,0.37623205279331834,0.21888182762599664,0.7471270874424939,0.171886828230301,0,0.38939589925096835,0,0.5457444669974493,120405.0,59213.0,338,0.5532338868588802,121955.0,61671.0,330,0.29262695312500003,68106.0,0.0,336,0.45897072611656725,77559.0,24841.0,338,0.004833984375,60376.0,0.0,310,0.4670375151588686,56382.0,19001.0,332,0.059912109374999994,59520.0,0.0,334,0.6274967803397815,113366.0,74254.0,331
30,679042.0,484498.0,194544.0,3672,2551,1121,0.28649774240768566,0.5766117590998161,0.35910040455609304,0.20395939960796813,0.7560901914843687,0.13623715469735287,0,0.3406349235392871,0,0.5043800827954685,120103.0,49410.0,331,0.4564436307373745,109632.0,34720.0,334,0.27231445312499997,54089.0,0.0,330,0.5038330345224551,84092.0,34651.0,334,0.01240234375,77852.0,0.0,332,0.4873452761686302,65306.0,24680.0,335,0.05947265625,75631.0,0.0,329,0.5766117590998161,92337.0,51083.0,335
31,719271.0,456312.0,262959.0,4197,2453,1744,0.3655909942149755,0.6185282144201776,0.3731910049795213,0.23025039093603986,0.7242907409107258,0.19345472707783284,0,0.36898027380631815,0,0.6155486906337102,149214.0,94562.0,336,0.39997270127881757,113816.0,22468.0,334,0.2619140625,55759.0,0.0,333,0.5810960119403854,109959.0,61657.0,331,0.0026367187499999997,58766.0,0.0,259,0.4561734371880797,60112.0,18676.0,336,0.049658203125,68725.0,0.0,338,0.6185282144201776,102920.0,65596.0,336
32,748173.0,479954.0,268219.0,4603,2947,1656,0.3584986360106548,0.5822839652508645,0.40133424367897647,0.22445680411483263,0.7617363476663902,0.1150591173431812,0,0.3425864387963186,0,0.5762674664965172,133377.0,73461.0,337,0.52574241404308,114665.0,52307.0,337,0.3558999858266169,87973.0,5368.0,327,0.5822839652508645,99739.0,56251.0,336,0.006542968749999999,75074.0,0.0,319,0.5725422174658229,73065.0,39848.0,329,0.05625,77188.0,0.0,330,0.53514493159891,87092.0,40984.0,333
33,716591.0,474376.0,242215.0,4186,2666,1520,0.3380101061833035,0.633167494561458,0.3853734436791918,0.21308989678437712,0.765845166840052,0.16006463240537472,0,0.3753418953963476,0,0.5261293716326056,125468.0,56744.0,330,0.3926741574499757,108674.0,19856.0,335,0.4728879544523698,73783.0,25534.0,338,0.633167494561458,111947.0,74627.0,331,0.010595703125,67490.0,0.0,270,0.38011701603018305,43113.0,7906.0,332,0.080224609375,85976.0,0.0,331,0.5871912428069423,100140.0,57548.0,332
34,667885.0,442681.0,225204.0,4143,2697,1446,0.3371897856666936,0.6025962906179098,0.36482867605517455,0.2150547458232886,0.7421303104421693,0.1934758603651825,0,0.35519950988773197,0,0.6025962906179098,139759.0,84663.0,334,0.43079631094546034,100874.0,26447.0,334,0.298625804036005,50281.0,672.0,336,0.5757708160140584,96683.0,53438.0,335,0.0291015625,73126.0,0.0,327,0.3217182465827835,46712.0,1696.0,332,0.06240234375,62574.0,0.0,332,0.5976180339951797,97876.0,58288.0,329
35,721704.0,513136.0,208568.0,4027,2963,1064,0.2889938257235649,0.6053034326320756,0.3756123243937794,0.18396084141499955,0.806537903606664,0.1483011040537392,0,0.35613590519649896,0,0.6053034326320756,138053.0,84377.0,335,0.4438329235654649,118061.0,33916.0,330,0.4496047904488383,88272.0,25636.0,327,0.38366896934604144,72693.0,12143.0,331,0.090380859375,98210.0,0.0,333,0.4939472875000922,65714.0,25304.0,332,0.057275390625,66141.0,0.0,331,0.4808849416577229,74560.0,27192.0,331
36,713343.0,478047.0,235296.0,3977,2620,1357,0.3298497356811515,0.6139937224123374,0.37619263749351234,0.19500218914284526,0.7882119677607053,0.1952463611474422,0,0.3879951059678359,0,0.6139937224123374,160327.0,100699.0,341,0.5069695924655778,126723.0,52864.0,333,0.31007341941098215,59925.0,2208.0,329,0.4875472885659038,79416.0,29773.0,335,0.042041015625,63602.0,0.0,332,0.4612041667582608,58283.0,18808.0,333,0.09218749999999999,85539.0,0.0,333,0.49552439471003673,79528.0,30944.0,333
37,741526.0,443603.0,297923.0,4283,2602,1681,0.4017701334814957,0.5882868892816377,0.41556379201069266,0.21336544464720295,0.791379278209111,0.15695336373910007,0,0.34306718125364594,0,0.5882868892816377,131922.0,76037.0,329,0.5816109494993579,131257.0,73773.0,338,0.5110817002918397,96028.0,39658.0,330,0.5762379081480845,97483.0,53857.0,333,0.048876953125,75879.0,0.0,335,0.4656737326562972,59329.0,19954.0,334,0.05712890625,61142.0,0.0,335,0.49561329683332456,88486.0,34644.0,338
38,694887.0,446566.0,248321.0,3985,2512,1473,0.35735450512097594,0.5738422402255726,0.3920909420490775,0.21001009136903565,0.7770706639108714,0.1611724280350617,0,0.34210355088751504,0,0.5497827715355786,133500.0,66692.0,331,0.525567725737779,124190.0,55978.0,335,0.3937912030515561,68506.0,12797.0,337,0.5738422402255726,97883.0,53609.0,335,0.033837890625,62293.0,0.0,330,0.5049620574370944,65538.0,26648.0,332,0.043212890625,65964.0,0.0,335,0.5117307571550392,77013.0,32597.0,332
39,688960.0,414958.0,274002.0,4071,2482,1589,0.3977037854156984,0.6037203597710517,0.4028006643945281,0.22386320991325634,0.7640139273946974,0.17797078204830452,0,0.3558815328980069,0,0.5530407877088142,131216.0,66406.0,333,0.5580419580419559,120120.0,61992.0,332,0.5099200898473437,79289.0,33521.0,336,0.542270758370955,87266.0,42284.0,331,0.019775390625,59750.0,0.0,330,0.40194456454110433,50126.0,10367.0,333,0.03369140625,63353.0,0.0,330,0.6037203597710517,97840.0,59432.0,338
40,655049.0,479751.0,175298.0,3775,2824,951,0.267610514633256,0.5780367344212428,0.3522860153512748,0.19620647037502992,0.76324472868371,0.14850892833971185,0,0.35469746244654654,0,0.5465509126374263,109989.0,54268.0,332,0.4029436068824935,108914.0,22424.0,338,0.40943824166803294,66249.0,14468.0,334,0.49245143970100286,75988.0,29248.0,333,0.01904296875,71212.0,0.0,334,0.30048828125,41924.0,0.0,333,0.0693359375,82115.0,0.0,331,0.5780367344212428,98658.0,54890.0,335
41,748866.0,438670.0,310196.0,4606,2615,1991,0.41422096877144854,0.6278870114951184,0.419984991714036,0.22732365952751435,0.7734137206796929,0.1586091503686906,0,0.40803226389573477,0,0.4686027729082917,115444.0,38996.0,338,0.5977039635266728,129934.0,77516.0,334,0.431267034150293,69174.0,18120.0,326,0.5619567921489965,92044.0,48304.0,330,0.00029296875,51928.0,0.0,294,0.586817828232916,77604.0,44524.0,335,0.0853515625,86535.0,0.0,335,0.6278870114951184,126203.0,82736.0,330
42,782946.0,465831.0,317115.0,4704,2859,1845,0.4050279329608933,0.6408527481268625,0.42674639064708897,0.21888309338500261,0.791716670249676,0.13885983196797724,0,0.3798991438530096,0,0.5875575802708637,141260.0,81696.0,334,0.5524093476028655,123958.0,62540.0,331,0.40310032679260194,78477.0,16205.0,336,0.5091308879176333,82114.0,34706.0,335,0.0005371093749999999,67116.0,0.0,281,0.5814671094658848,78221.0,44018.0,328,0.138916015625,97895.0,0.0,332,0.6408527481268625,113905.0,77950.0,339
43,691953.0,462684.0,229269.0,3837,2655,1182,0.33133608785567753,0.618154852807691,0.3864955602261463,0.19563119961115163,0.7960485590839752,0.15647215201032427,0,0.34830786966112687,0,0.4963646545272239,121715.0,48015.0,332,0.618154852807691,130552.0,83148.0,337,0.5010299514996525,91942.0,37047.0,335,0.3526048259178759,62808.0,6424.0,332,0.024853515625,66486.0,0.0,185,0.4691275459511527,60278.0,20407.0,332,0.117041015625,77411.0,0.0,334,0.5127881198555743,80761.0,34228.0,327
44,722902.0,473614.0,249288.0,3961,2616,1345,0.344843422759931,0.6099712971336422,0.39866249231159206,0.20339216190147294,0.793468099512342,0.13464722742501722,0,0.3583222943084076,0,0.5040599117440439,122428.0,49774.0,333,0.4652073891015185,115566.0,38196.0,334,0.48488090939832973,84648.0,31250.0,338,0.5687011922242887,95980.0,51608.0,333,0.0008789062499999999,66730.0,0.0,334,0.43103978576591395,57889.0,15392.0,335,0.124560546875,77929.0,0.0,338,0.6099712971336422,101732.0,63068.0,331
45,677722.0,448779.0,228943.0,4086,2645,1441,0.33781255441021485,0.5576978714610438,0.39327803793829097,0.19441240480264516,0.8036192598593632,0.150738429621585,0,0.33710794308609515,0,0.5576978714610438,135492.0,69832.0,331,0.5028273841257153,107709.0,44166.0,326,0.5499035270510121,90699.0,45332.0,334,0.4486122404550542,74087.0,22006.0,333,0.004541015625,61058.0,0.0,274,0.4574048928762216,59426.0,18557.0,333,0.12890625,75324.0,0.0,334,0.49633112191228074,73927.0,29050.0,333
46,729116.0,454458.0,274658.0,4291,2631,1660,0.3767000038402663,0.5741361450839066,0.40865423121014494,0.20982657853070763,0.7913655053621232,0.15646790085528206,0,0.35032627448030207,0,0.5373827978771506,128224.0,61252.0,335,0.5706578477389516,130360.0,70184.0,336,0.34754075937714834,65435.0,6260.0,338,0.5627241052867838,102463.0,53839.0,331,0.000732421875,64190.0,0.0,239,0.5357277411922183,64233.0,30283.0,337,0.14033203125,77887.0,0.0,332,0.5741361450839066,96324.0,52840.0,336
47,674018.0,446507.0,227511.0,3767,2452,1315,0.3375443979240905,0.576952307757992,0.38507132901559704,0.19517989217177614,0.7955993773280146,0.1797251705444065,0,0.3422833133926924,0,0.567934037872583,137477.0,74757.0,337,0.5178869520801308,110660.0,48320.0,334,0.40486154039907163,71013.0,14900.0,333,0.576952307757992,93684.0,51892.0,334,0.005615234375,58094.0,0.0,149,0.3859341113504333,46398.0,8654.0,335,0.13544921875,78700.0,0.0,341,0.48593722953956575,77992.0,28988.0,333
48,678065.0,485843.0,192222.0,3674,2632,1042,0.28348609646567763,0.592572414876811,0.36595191421657114,0.19157025816862283,0.7849069812836771,0.14982579103773208,0,0.3421797995333905,0,0.592572414876811,133740.0,77552.0,330,0.3387692241548738,104940.0,8844.0,332,0.5410574909723251,88677.0,43402.0,327,0.4466108348599823,76420.0,22408.0,336,0.002197265625,62665.0,0.0,241,0.33986681410162545,54671.0,3932.0,329,0.14726562499999998,74672.0,0.0,334,0.5192756441419516,82280.0,36084.0,334
49,707996.0,475863.0,232133.0,4125,2775,1350,0.3278733213181991,0.5769079547230259,0.40294431018059623,0.192730685512496,0.8138175544034636,0.13305866134836908,0,0.3370727456220433,0,0.5769079547230259,127188.0,70476.0,334,0.4195363691516771,116978.0,27555.0,340,0.42622434624364847,75592.0,18714.0,327,0.5338593621769692,83468.0,39064.0,329,0.000732421875,64946.0,0.0,247,0.5173746441778178,63651.0,27896.0,331,0.18413085937499998,84777.0,0.0,334,0.5647885237216315,91396.0,48428.0,337
50,647350.0,418708.0,228642.0,3893,2517,1376,0.35319687958600393,0.6479034944623454,0.3940195701079563,0.19581294498387597,0.8019433196514765,0.1817544604927781,0,0.3720139302994743,0,0.6479034944623454,142276.0,99080.0,332,0.40836695539664863,94920.0,20628.0,331,0.3961332858161069,67344.0,12948.0,335,0.5127632065620692,78828.0,33528.0,331,0.0,45184.0,0.0,121,0.45811817963898427,57491.0,18046.0,334,0.18159179687500002,71559.0,0.0,331,0.5472796421124956,89748.0,44412.0,337
51,665728.0,454986.0,210742.0,3768,2452,1316,0.3165587146702552,0.5620828174789515,0.39074228024944224,0.1927097494414221,0.8043529806043446,0.15180449072293767,0,0.3346047400003461,0,0.5385330702985163,123487.0,59020.0,336,0.3503076299840879,106840.0,10708.0,331,0.5041681536814359,81259.0,33181.0,333,0.555432583470945,91439.0,46713.0,333,0.002197265625,53777.0,0.0,177,0.4465175027066016,58191.0,17052.0,332,0.16669921875,66631.0,0.0,332,0.5620828174789515,84104.0,44068.0,330
52,746648.0,402085.0,344563.0,4363,2378,1985,0.4614798405674421,0.6354291988725542,0.43598597819976437,0.21892386262468003,0.7986329586137376,0.19822995574889357,0,0.3806096807877072,0,0.6354291988725542,148095.0,99264.0,332,0.5832230835420118,135574.0,77272.0,332,0.5656818853580656,90660.0,48200.0,335,0.5731834065047907,100449.0,54882.0,337,0.001025390625,56438.0,0.0,161,0.412594939961593,53281.0,12092.0,332,0.152783203125,62038.0,0.0,327,0.563966717609099,100113.0,52853.0,335
53,690913.0,466512.0,224401.0,3857,2698,1159,0.32478908343018537,0.5956446956381511,0.3891132795454666,0.18782050082574359,0.8110377848648262,0.15679597141753,0,0.3577589404477621,0,0.5956446956381511,135089.0,80035.0,338,0.5294325707359722,122923.0,56177.0,332,0.3632772530734566,65480.0,8274.0,332,0.458079741645988,78037.0,24695.0,333,0.003955078125000001,58808.0,0.0,215,0.5292820242310656,68175.0,31216.0,336,0.182568359375,82819.0,0.0,331,0.45066651353909926,79582.0,24004.0,336
54,702406.0,463974.0,238432.0,4004,2710,1294,0.3394504033279893,0.5793734300046325,0.39188573430537155,0.18711002746917166,0.8143530063502801,0.176884522626515,0,0.3466992589882962,0,0.5653245693001341,130303.0,69107.0,330,0.5793734300046325,130810.0,73128.0,336,0.40348035256213877,74519.0,15488.0,332,0.4470179324505027,76598.0,22545.0,328,0.0083984375,65716.0,0.0,279,0.3908207447573101,46088.0,8412.0,331,0.19189453124999997,78496.0,0.0,336,0.5487758766182541,99876.0,49752.0,331
55,710698.0,424099.0,286599.0,4207,2481,1726,0.40326411499680537,0.6544625590713975,0.406751042592019,0.2144314002258368,0.7825217494513305,0.19844258742813392,0,0.387126703390536,0,0.6544625590713975,150599.0,106734.0,336,0.5470350726734343,120235.0,59792.0,334,0.34449591843597777,70855.0,6264.0,333,0.5782852284698019,97954.0,54547.0,330,0.0041015625,72125.0,0.0,313,0.3767543287902744,45188.0,7228.0,336,0.164208984375,62284.0,0.0,336,0.5846646864202663,91458.0,52034.0,331
56,688061.0,450982.0,237079.0,4101,2618,1483,0.3445610200258402,0.6229271503369774,0.3960311710844995,0.1964265818949933,0.8025657840863522,0.18229542874832294,0,0.37760357008839385,0,0.4660887888913128,119114.0,39567.0,335,0.4632320554708741,112474.0,36532.0,334,0.5450844943562586,86653.0,42500.0,333,0.6229271503369774,112284.0,72552.0,332,0.000146484375,47404.0,0.0,125,0.291796875,33232.0,0.0,330,0.21938476562499998,88437.0,0.0,329,0.5595887546205729,88463.0,45928.0,326
57,685892.0,440423.0,245469.0,3783,2446,1337,0.3578828736885685,0.632409605508315,0.400148297117926,0.19709965520869366,0.8047500991249426,0.1630325911367969,0,0.3754465325375527,0,0.5360224242994714,123996.0,58568.0,331,0.48085771992529813,114173.0,42703.0,334,0.38675890331107493,65766.0,12163.0,337,0.5678080384731645,94055.0,50359.0,333,0.000390625,61238.0,0.0,183,0.40592343542608356,55187.0,11384.0,335,0.191015625,65746.0,0.0,330,0.632409605508315,105731.0,70292.0,339
58,719175.0,473667.0,245508.0,4227,2599,1628,0.3413744916049635,0.633345787282103,0.3916531849789583,0.20035771197704216,0.7925795150267839,0.1790421316091353,0,0.38058833848235935,0,0.633345787282103,153916.0,103832.0,334,0.3849582882976467,107915.0,17504.0,336,0.30765572776207806,65355.0,1824.0,333,0.5557762902180927,92620.0,47380.0,337,0.0134765625,80457.0,0.0,291,0.498756800275134,55972.0,22512.0,330,0.17827148437499998,62500.0,0.0,329,0.5609845391216123,100440.0,52456.0,337
59,734233.0,428346.0,305887.0,4325,2485,1840,0.41660753466542577,0.6416954142376835,0.4180135369325242,0.2127442316843554,0.7942679576558476,0.1854910157947134,0,0.3883507252714675,0,0.5266156383810918,127512.0,57120.0,337,0.5819908492391668,135904.0,76727.0,336,0.3600264584213081,63346.0,8440.0,335,0.6063821420733018,109352.0,67007.0,336,0.00029296875,56091.0,0.0,183,0.45176302748264185,60607.0,18236.0,331,0.17534179687499998,66811.0,0.0,331,0.6416954142376835,114610.0,78357.0,331
60,760054.0,437425.0,322629.0,4447,2603,1844,0.4244816815647303,0.626680602521839,0.4334958601600025,0.21350774921049376,0.8047762946873184,0.1530637954671641,0,0.3880327467330703,0,0.5673171880834558,133900.0,71666.0,331,0.626680602521839,136438.0,89090.0,330,0.37546478284745416,66737.0,10040.0,333,0.5239984571042824,93331.0,41812.0,336,0.0032226562500000003,61362.0,0.0,190,0.6180324388586921,88688.0,56394.0,331,0.18657226562499998,79015.0,0.0,333,0.5666784899892972,100583.0,53627.0,331
61,662777.0,414676.0,248101.0,3964,2575,1389,0.3743355608296601,0.602741941550379,0.41196908157501483,0.19405488423311645,0.8184103735161518,0.15639102594085164,0,0.36426466825428283,0,0.5562861872362456,117890.0,60738.0,328,0.5469208341388124,104751.0,53940.0,331,0.4208871922743323,59956.0,15620.0,335,0.5464084308320984,83715.0,41575.0,331,0.014501953125000001,69621.0,0.0,312,0.4188459571932507,49430.0,11836.0,331,0.18916015625,71066.0,0.0,335,0.602741941550379,106348.0,64392.0,337
62,851913.0,505144.0,346769.0,5295,3055,2240,0.4070474332472912,0.6371878044921147,0.4448858629808137,0.19926746676745768,0.8329025634454401,0.12824475621336906,0,0.39228491164652357,0,0.6247163525514623,159455.0,103275.0,330,0.4749109216886306,133137.0,44767.0,337,0.47570465735151446,86188.0,29252.0,336,0.5503181462666311,91906.0,45823.0,333,0.02783203125,82830.0,0.0,339,0.5486415996211564,86019.0,42675.0,342,0.21977539062499998,92301.0,0.0,336,0.6371878044921147,120077.0,80977.0,329
63,699770.0,471481.0,228289.0,3728,2410,1318,0.3262343341383593,0.615130439829366,0.3910298735045061,0.1912542920490907,0.8069574158016716,0.1650092173142601,0,0.35879460221637594,0,0.4746305640215857,118965.0,42700.0,340,0.5523867659324451,133458.0,67340.0,338,0.3187107020107575,59177.0,3064.0,331,0.4319623330337661,71562.0,18873.0,330,0.001904296875,60950.0,0.0,268,0.5246759957081281,69288.0,31155.0,328,0.208837890625,82989.0,0.0,338,0.615130439829366,103381.0,65157.0,334
64,704906.0,466763.0,238143.0,3795,2367,1428,0.3378365342329327,0.616898532453809,0.3945485804072205,0.1894366247531725,0.8126581447858727,0.176522827157096,0,0.3778721560049677,0,0.4974350508774224,131557.0,51100.0,335,0.46766451383497964,110142.0,38160.0,328,0.4431752230678101,76196.0,21536.0,331,0.5477598015078337,94927.0,47066.0,336,0.00043945312499999996,58310.0,0.0,170,0.38980317776590934,45706.0,8892.0,332,0.193212890625,75431.0,0.0,333,0.616898532453809,112637.0,71389.0,331
65,735552.0,453591.0,281961.0,4292,2566,1726,0.38333251761941994,0.6074811678400848,0.40691279192085245,0.20065215236424977,0.8044042853135591,0.1905915557295743,0,0.373875752929186,0,0.6074811678400848,162488.0,99924.0,333,0.5404195889498224,126483.0,59941.0,335,0.33542592834727963,61184.0,5052.0,336,0.541157139773491,85235.0,41160.0,328,0.005322265624999999,67312.0,0.0,246,0.49697786097556984,73626.0,28272.0,333,0.180029296875,63421.0,0.0,334,0.5484890869805721,95803.0,47612.0,332
66,645005.0,454399.0,190606.0,3726,2539,1187,0.29551088751249943,0.5984547572727577,0.3700924032981504,0.19211054442255246,0.7877412307729675,0.1643210130154027,0,0.34102158734099997,0,0.5634125147358833,125968.0,66400.0,334,0.4281685537481503,105833.0,27532.0,333,0.2853515625,49724.0,0.0,329,0.378793636730807,58958.0,9268.0,331,0.00458984375,70313.0,0.0,317,0.5253082013976051,68293.0,30914.0,331,0.17666015625,71368.0,0.0,331,0.5984547572727577,94548.0,56492.0,331
67,644599.0,473355.0,171244.0,3348,2460,888,0.2656597357426861,0.5418062697038031,0.3511603592017811,0.18143960235468248,0.7892882172923406,0.17252954937876086,0,0.33136159239374313,0,0.5344644918925276,118656.0,55676.0,333,0.45496329625558973,114020.0,35104.0,335,0.27817382812499997,57700.0,0.0,332,0.5418062697038031,92701.0,44940.0,333,0.000146484375,59115.0,0.0,241,0.33839394132719924,47636.0,3616.0,334,0.167724609375,72285.0,0.0,337,0.4936099525601291,82486.0,31908.0,336
68,698583.0,450970.0,247613.0,3816,2449,1367,0.35445036595508284,0.6540929578198492,0.37624135244215495,0.20539985226732946,0.7703952792198429,0.2077206645452292,0,0.3796155475149549,0,0.6540929578198492,152817.0,108193.0,330,0.5404427136610046,122200.0,58800.0,333,0.271142578125,55232.0,0.0,337,0.4003741030177882,72929.0,14619.0,338,0.002587890625,60589.0,0.0,182,0.417617105681476,53472.0,12568.0,333,0.161865234375,79355.0,0.0,334,0.5618082362321217,101989.0,53433.0,336
69,735243.0,478966.0,256277.0,4355,2801,1554,0.3485609519573796,0.6033245074027307,0.39861591499181276,0.2004647354710877,0.7981416656561653,0.16263721653929353,0,0.3639315792434744,0,0.6033245074027307,143927.0,87777.0,335,0.5391970728371015,127650.0,61254.0,334,0.36739907225700313,84955.0,8183.0,332,0.37544876988313836,70490.0,10623.0,337,0.000732421875,59900.0,0.0,210,0.554662199888327,71640.0,36488.0,330,0.18115234375,79361.0,0.0,334,0.5670109320412016,97320.0,51952.0,332
70,709799.0,447782.0,262017.0,4106,2569,1537,0.36914253189987534,0.6128123004571084,0.40872409143378213,0.19835826458891723,0.8093714277903586,0.18574430930446484,0,0.36918386728457997,0,0.5872976918711943,150345.0,86505.0,330,0.46132085887231583,115785.0,37244.0,331,0.43293274782311997,74964.0,20128.0,337,0.6128123004571084,98663.0,61726.0,335,0.0048828125,63479.0,0.0,209,0.4151946615391704,48321.0,11798.0,336,0.186865234375,75154.0,0.0,332,0.568486424032348,83088.0,44616.0,333
71,712978.0,450569.0,262409.0,4216,2678,1538,0.3680464193846088,0.6086682027617267,0.4189267699693398,0.19596645313759561,0.8204656201784356,0.1409201966961111,0,0.3506303412190202,0,0.5673706204061342,122582.0,65406.0,335,0.4436115347656272,113431.0,32580.0,337,0.4895998269227125,79679.0,30152.0,333,0.6086682027617267,99788.0,61632.0,334,0.005908203125000001,53897.0,0.0,171,0.4450587075727851,63318.0,17943.0,336,0.206884765625,84093.0,0.0,331,0.5843122985757325,96190.0,54696.0,332
72,704605.0,430718.0,273887.0,4186,2597,1589,0.3887099864463062,0.5967907979392382,0.4124313715936394,0.20579205737648226,0.8006577248391091,0.1966128185295306,0,0.3503349831214129,0,0.5736535437925805,129748.0,71012.0,334,0.594351260528649,137482.0,80936.0,336,0.286669921875,50730.0,0.0,335,0.5967907979392382,90440.0,53816.0,328,0.0,57664.0,0.0,241,0.42948511974837894,52823.0,13628.0,331,0.236767578125,89554.0,0.0,328,0.5817327507402689,96164.0,54495.0,332
73,728336.0,477214.0,251122.0,4293,2783,1510,0.34478866896597127,0.5921131084152403,0.4094881405647305,0.1904303593092587,0.8221880726843359,0.1364953812526084,0,0.3540115870729807,0,0.5921131084152403,135516.0,79172.0,338,0.5466034360180297,127997.0,63129.0,328,0.303759765625,71819.0,0.0,335,0.5141303803669117,84933.0,36332.0,336,0.020263671875,73731.0,0.0,242,0.5622776881873512,69401.0,36425.0,332,0.23125,76734.0,0.0,334,0.5055070740303106,88205.0,36064.0,328
74,735870.0,421142.0,314728.0,4302,2575,1727,0.4276951091904814,0.6446641062314387,0.43703316732837133,0.2029991331966745,0.8225345814888718,0.16154144074360932,0,0.3675195077850044,0,0.6446641062314387,137737.0,94946.0,335,0.6293474395448055,134976.0,88908.0,334,0.46992088503925855,80249.0,26982.0,330,0.5134324272129067,88108.0,37593.0,332,0.01875,78504.0,0.0,336,0.46140570333702846,60059.0,19376.0,340,0.205517578125,63587.0,0.0,333,0.5532271991365325,92650.0,46923.0,333
75,699698.0,475224.0,224474.0,3864,2554,1310,0.3208155518523701,0.6444456905736529,0.39289535331164016,0.18655290345535863,0.8160267653986745,0.1469966328330221,0,0.40625399177128685,0,0.46778236930942496,112107.0,37652.0,341,0.3977647521304708,108192.0,21440.0,331,0.4144979469683761,63184.0,15524.0,334,0.6444456905736529,124831.0,85995.0,338,0.010693359375,69540.0,0.0,334,0.4637783510126495,61679.0,20366.0,334,0.20317382812499998,69987.0,0.0,335,0.5410265289985474,90178.0,43497.0,336
76,711886.0,463211.0,248675.0,4073,2607,1466,0.3493185706700225,0.6288491342678415,0.388712946193408,0.1944619668213499,0.7998262994066937,0.18791070480385885,0,0.3781109971951554,0,0.6288491342678415,148848.0,97868.0,335,0.4966983738040749,120200.0,47075.0,334,0.3605363220902117,73532.0,8120.0,339,0.5907900693886198,108231.0,62945.0,337,0.010107421875,70963.0,0.0,330,0.3632857650430598,52948.0,7074.0,332,0.18720703125,62928.0,0.0,329,0.4722294518284569,74236.0,25593.0,333
77,708582.0,414365.0,294217.0,4454,2619,1835,0.41521941003299484,0.6234969825617651,0.42993599778315417,0.2031595878653775,0.8174684203854841,0.1736019966637592,0,0.36396529062540317,0,0.6234969825617651,138220.0,89468.0,331,0.5850625234284761,127299.0,72912.0,330,0.4440673810375751,68775.0,20159.0,334,0.5778276396254558,95919.0,53326.0,336,0.000146484375,59052.0,0.0,286,0.4755344050071838,58788.0,20564.0,334,0.20576171875,77565.0,0.0,336,0.5275908474797777,82964.0,37788.0,334
78,706134.0,444615.0,261519.0,4018,2451,1567,0.3703532190773984,0.6708684904721848,0.3930365903274515,0.20597866516065383,0.7845295112780757,0.19812599308346557,0,0.4077244074387547,0,0.6708684904721848,164069.0,121664.0,334,0.4127584397445232,112496.0,25172.0,327,0.32866019078931247,61411.0,3736.0,327,0.6336196431044927,105131.0,70127.0,331,0.009912109374999999,66748.0,0.0,197,0.4564903011541305,59314.0,18512.0,337,0.17973632812499998,63773.0,0.0,334,0.4522472198549684,73192.0,22308.0,331
79,731394.0,437681.0,293713.0,4226,2597,1629,0.4015797231040993,0.6288378036092235,0.4129311092608604,0.2116818140594939,0.7918961468010419,0.20560703259802482,0,0.37831535941800704,0,0.5990088605442193,141467.0,84807.0,333,0.607948580377597,137924.0,84947.0,336,0.29091796875,58775.0,0.0,335,0.5288693361328689,85974.0,39404.0,336,0.0029296875,67664.0,0.0,319,0.4373682777979741,43747.0,13339.0,335,0.207568359375,87655.0,0.0,337,0.6288378036092235,108188.0,71216.0,331
80,688584.0,463557.0,225027.0,3805,2631,1174,0.3267967306820949,0.5993175169402732,0.38364667841333244,0.18462934568569864,0.8119519249271386,0.2096102291078501,0,0.36771364234819454,0,0.5993175169402732,143316.0,85724.0,334,0.5285042766287003,121550.0,55585.0,333,0.4548130955536285,77344.0,24484.0,335,0.5126740501497387,82893.0,35226.0,331,0.000146484375,55545.0,0.0,164,0.2736328125,34368.0,0.0,334,0.24501953125,96180.0,0.0,331,0.4550656599093186,77388.0,24008.0,337
81,724641.0,517032.0,207609.0,4131,2883,1248,0.2864991078340857,0.6072831591522017,0.3856740078424597,0.18139704990424932,0.8188548797859427,0.13310608287414016,0,0.3669046897617117,0,0.5137648124014635,124956.0,53459.0,333,0.4060494193014067,116690.0,24784.0,332,0.3482956309333111,68048.0,6420.0,337,0.5575149427424911,88430.0,45570.0,332,0.00234375,66291.0,0.0,249,0.4028258950838034,68418.0,11832.0,336,0.247314453125,85208.0,0.0,335,0.6072831591522017,106600.0,65544.0,329
82,659103.0,418199.0,240904.0,3917,2489,1428,0.36550281215530744,0.634564732359769,0.391042755319992,0.20380861071056722,0.7863849829513904,0.2079915809820314,0,0.3641679709705304,0,0.6255756197650961,141538.0,92135.0,333,0.5306071953851981,100584.0,46656.0,337,0.2923828125,57599.0,0.0,335,0.4963856217273313,82788.0,32541.0,339,0.0078125,64310.0,0.0,224,0.3001932483225413,33803.0,736.0,335,0.2408203125,75577.0,0.0,334,0.634564732359769,102904.0,68836.0,332
83,804645.0,441960.0,362685.0,5124,2737,2387,0.45073914583449787,0.6273819145457945,0.45733283163848615,0.20549990314879085,0.8320092966029108,0.1489695766456014,0,0.3878637333025467,0,0.6047307086382869,143361.0,87625.0,327,0.5278861053237268,125655.0,57675.0,332,0.5931935916038822,112194.0,64814.0,328,0.549294768888705,95750.0,47768.0,335,0.0,61235.0,0.0,305,0.5076892359824937,74242.0,29780.0,331,0.248486328125,77679.0,0.0,334,0.6273819145457945,114529.0,75023.0,333
84,715190.0,475712.0,239478.0,4080,2593,1487,0.3348452858680905,0.5594069188849113,0.40960273133888536,0.17625244475276006,0.8437687072504455,0.14668444748947818,0,0.3345307738748152,0,0.5274765638291787,129309.0,58678.0,331,0.5041693378257359,122779.0,50639.0,335,0.5594069188849113,103075.0,53517.0,336,0.43333543071857783,74482.0,19884.0,339,0.00244140625,62355.0,0.0,189,0.4986831270620583,65961.0,26230.0,334,0.260205078125,78259.0,0.0,335,0.49110398801562055,78970.0,30530.0,333
85,659484.0,487897.0,171587.0,3406,2480,926,0.26018371939273693,0.5753009375337275,0.36481491005511135,0.1632715649973751,0.8331266518149986,0.17568735556889914,0,0.3414258763608458,0,0.4471353743837444,118559.0,35861.0,333,0.5280868420971917,122292.0,55452.0,326,0.3591855762691924,59004.0,8592.0,333,0.5753009375337275,97279.0,53543.0,334,0.0185546875,75251.0,0.0,235,0.3401981008746985,44083.0,3712.0,326,0.24814453125,71203.0,0.0,334,0.4019132305323361,71813.0,14427.0,331
86,713879.0,461959.0,251920.0,4110,2820,1290,0.35288893495956547,0.6345731298980983,0.4060954487567266,0.19804769068236427,0.8078594138515475,0.1671997285254221,0,0.37699590140323963,0,0.5247349911214371,125733.0,55887.0,332,0.5617962823837315,123789.0,64815.0,329,0.301025390625,67058.0,0.0,329,0.6345731298980983,110502.0,73942.0,331,0.010546874999999999,74833.0,0.0,331,0.35833226626731307,47071.0,5372.0,335,0.26694335937499997,75653.0,0.0,333,0.590811295383233,89240.0,51904.0,331
87,704600.0,408597.0,296003.0,4303,2591,1712,0.42010076639227867,0.6042947274622257,0.43945956515006,0.19961854633951384,0.828960058351613,0.1602224666477432,0,0.3614617641135655,0,0.586822247956898,114746.0,65801.0,334,0.6042947274622257,125689.0,76493.0,332,0.461101962674783,83567.0,26387.0,333,0.5903475594980954,94919.0,55119.0,334,0.00029296875,59597.0,0.0,287,0.4166378166450804,50964.0,12247.0,339,0.265283203125,72064.0,0.0,334,0.5908960350883974,103054.0,59956.0,334
88,746833.0,455501.0,291332.0,4499,2788,1711,0.39008988622623747,0.5933115823817263,0.4396456898298367,0.18589205094656305,0.8483355882614818,0.1552273065062737,0,0.36202069927601327,0,0.5608573938733101,134339.0,70126.0,335,0.5775855149320306,138467.0,76954.0,332,0.4554930892456097,68853.0,22078.0,335,0.5239600679995973,76301.0,34445.0,339,0.003466796875,71491.0,0.0,280,0.4975594327064198,68037.0,26597.0,337,0.304931640625,85135.0,0.0,337,0.5933115823817263,104210.0,61132.0,333
89,698200.0,478517.0,219683.0,3803,2692,1111,0.31464193640790555,0.6004036607437491,0.40124721993183066,0.17877548944128308,0.8343663222565737,0.14677026639931223,0,0.3486655445001564,0,0.4876103927172394,117174.0,44790.0,332,0.6004036607437491,125751.0,75503.0,331,0.28828125,60961.0,0.0,333,0.40294954651018716,71955.0,15216.0,329,0.038818359375,88434.0,0.0,330,0.5164850684450694,62105.0,26926.0,339,0.281982421875,74276.0,0.0,333,0.5934470597884002,97544.0,57248.0,333
90,649168.0,474712.0,174456.0,3449,2552,897,0.26873783057698425,0.5884188243534236,0.36818422331475786,0.17373022227463958,0.8178963431016179,0.18130014110368942,0,0.3484204100529368,0,0.42931437780838155,118173.0,30009.0,333,0.5884188243534236,121385.0,70055.0,336,0.30048828125,65644.0,0.0,331,0.3941726767663441,72903.0,13496.0,333,0.000732421875,55088.0,0.0,331,0.38666917000510825,46109.0,8060.0,331,0.27685546875,71593.0,0.0,331,0.5688225657098056,98273.0,52836.0,333
91,736559.0,464482.0,272077.0,4326,2523,1803,0.36938928178190694,0.574035680622613,0.4280295764026699,0.18380261674367634,0.8443108971383829,0.16663040571087961,0,0.3595102277962823,0,0.5460298163100814,140056.0,69039.0,331,0.45952330250281337,122572.0,39178.0,336,0.47423637257878365,81106.0,27788.0,329,0.5672981563146606,92788.0,49586.0,324,0.00146484375,55312.0,0.0,167,0.5213750016424074,65405.0,28990.0,333,0.28027343749999994,74470.0,0.0,333,0.574035680622613,104850.0,57496.0,325
92,728575.0,472092.0,256483.0,4173,2636,1537,0.3520337645403694,0.6158548333304665,0.41651587549786495,0.18085904124840016,0.8413641520062229,0.18000772055038916,0,0.35796745479121383,0,0.540027032105493,138078.0,66204.0,333,0.47516534020719614,126383.0,44498.0,335,0.45747479243964895,77756.0,24512.0,335,0.5629235196504687,95214.0,50068.0,333,0.0109375,62544.0,0.0,211,0.3688650799996468,46217.0,6880.0,332,0.30087890624999997,80531.0,0.0,331,0.6158548333304665,101852.0,64321.0,332
93,646892.0,448630.0,198262.0,3815,2610,1205,0.30648392621952303,0.5950353181802459,0.39895004255075633,0.17394838134241675,0.8402588372939257,0.12765422976323682,0,0.3413441911693022,0,0.4917001628967916,108605.0,42721.0,335,0.4221327434948662,100536.0,25500.0,333,0.4553738686284872,68204.0,21454.0,329,0.5537597656249973,91136.0,46280.0,335,0.00439453125,66932.0,0.0,335,0.3756492628306627,52886.0,7764.0,332,0.2935546875,66250.0,0.0,335,0.5950353181802459,92343.0,54543.0,331
94,731505.0,478975.0,252530.0,4027,2668,1359,0.34521978660432895,0.5655849131856445,0.41018077378301776,0.1794259923003023,0.8393864852112788,0.17119893233812467,0,0.35269191213347934,0,0.5431258461561908,133185.0,63877.0,332,0.5463730441205618,136144.0,66300.0,335,0.47670705089016585,78363.0,28016.0,333,0.5116894136198655,89486.0,37869.0,339,0.006103515625,73617.0,0.0,273,0.342409281666714,47507.0,3997.0,332,0.289453125,74528.0,0.0,338,0.5655849131856445,98675.0,52471.0,333
95,724037.0,460867.0,263170.0,4358,2770,1588,0.363475899712307,0.6425942952634894,0.4240330121911897,0.1829374086136708,0.8430811590011948,0.15839815506666066,0,0.38808328677183024,0,0.5469697267303787,116340.0,57499.0,332,0.48415979533183295,121868.0,45172.0,341,0.36031839035345586,65885.0,7768.0,331,0.6058869894077685,102528.0,62754.0,334,0.038623046875,84731.0,0.0,335,0.41401482125103967,46773.0,11433.0,335,0.29969703231655276,72664.0,992.0,332,0.6425942952634894,113248.0,77552.0,328
96,717773.0,438011.0,279762.0,4301,2596,1705,0.3897638947132305,0.6183951106780479,0.434408280779932,0.18215647351588496,0.8504630615175948,0.15786206084653487,0,0.3605349568224289,0,0.6183951106780479,141411.0,90132.0,335,0.5016490505247544,117769.0,47312.0,334,0.5268231742230984,76844.0,34860.0,331,0.5587899985755743,95927.0,49678.0,334,0.01904296875,69335.0,0.0,339,0.47144557629305883,66562.0,22128.0,334,0.27744140624999997,61537.0,0.0,332,0.5016789609449224,88388.0,35652.0,334
97,749733.0,418232.0,331501.0,4328,2548,1780,0.4421587418454297,0.6466054264504231,0.45146819204841526,0.19622311827993594,0.841109303903305,0.16723270150840341,0,0.36186563091866286,0,0.6466054264504231,135889.0,94213.0,329,0.5853403313900842,131749.0,75341.0,334,0.4869476890185909,82241.0,30870.0,338,0.5865814254454806,97317.0,55807.0,335,0.031494140625,77923.0,0.0,338,0.4309083802739442,54851.0,14843.0,331,0.25766601562499997,64196.0,0.0,333,0.5862021275587987,105567.0,60427.0,331
98,683356.0,447593.0,235763.0,4151,2754,1397,0.34500758023636235,0.5961800144485775,0.416159725255418,0.17464483161120928,0.850258446496614,0.14115592751069705,0,0.34102546094824354,0,0.5961800144485775,120838.0,71556.0,330,0.48128914133075357,115457.0,41772.0,331,0.4963686569008912,87860.0,34463.0,338,0.5182525159866851,77242.0,34237.0,334,0.03408203125,67365.0,0.0,333,0.370931268307795,53256.0,7347.0,332,0.27036132812499997,72748.0,0.0,331,0.561812845693642,88590.0,46388.0,329
99,788848.0,477354.0,311494.0,4704,2821,1883,0.39487201590166876,0.6368886029045004,0.44496272228452116,0.17892731519303554,0.8608085370776876,0.14590358345333931,0,0.39507811455628317,0,0.5857724001251675,143805.0,82191.0,329,0.5424383087830377,122580.0,59508.0,334,0.4820401177087231,82363.0,30035.0,335,0.5189287813843307,92587.0,40124.0,334,0.052783203125,83352.0,0.0,333,0.4658015361204101,57336.0,18968.0,333,0.275048828125,87152.0,0.0,332,0.6368886029045004,119673.0,80668.0,339
